title,link,pubdate,content
"네이버, ‘글로벌 AI 연구벨트 파트너’ 베트남 PTIT와 산학협력 중간 결과는...",https://n.news.naver.com/mnews/article/022/0003634146?sid=105,"Tue, 02 Nov 2021 17:02:00 +0900","    네이버 제공.     네이버는 지난달 30일 베트남 IT 분야 최고 연구기관 겸 대학인 PTIT우정통신기술대학와 진행 중인 다양한 산학협력 과제들의 중간 결과를 공유하는 ‘PTIT X NAVER AI NOW, ACADEMIC & CAREER’ 컨퍼런스를 진행, 장기적으로 현지 연구 인력 발굴·양성을 위한 협력도 더 확대해 나가겠다고 1일 밝혔다.   네이버는 HUST하노이과학기술대학에 이어 지난해 8월 PTIT를 글로벌 AI 연구벨트의 파트너로 맞으며, 베트남 현지에서 두 번째 기술 연구 거점을 마련했다. 양사는 산학과제를 포함해 글로벌 연수, 현지 특강, 인턴십 및 장학금 등 다양한 산학 프로그램을 전개하고 있다.   양사는 컨퍼런스를 통해 현재 진행 중인 다양한 산학 과제들의 중간 결과를 공유했다. ▲실내 이미지 영역 분할Indoor semantic segmentation ▲사물 이미지 물체 영역 분할 데이터 구축Fine-grained segmentation by deep learning ▲딥러닝 기반 동영상 압축기술Neural Network approaches to improve performance of H.264 video coding standard ▲딥러닝 비디오 스트리밍 기술Neural Adaptive Video Streaming ▲대규모 베트남어 음성 데이터 구축Vietnam speech-utterance corpus construction 등 현재 양사가 진행 중인 산학 과제들은 내년까지 연구개발을 이어 나가며, 향후 네이버의 글로벌 서비스도 적용 가능성을 검토할 예정이다.   양사는 또 이번 컨퍼런스를 통해 세계 최고 수준의 AI 기술을 연구하는 글로벌 AI 리더로 함께 도약하자는 의지를 재확인하기도 했다.   하정우 네이버 클로바 AI LAB 책임리더는 “이번 컨퍼런스가 양국 AI 전문가들이 더욱 시너지를 냄과 동시에 베트남 현지 우수 인재 채용 및 양성에도 기여할 수 있는 계기가 됐으면 한다”며 “앞으로도 일본·유럽·베트남·홍콩·미국 등 다양한 국가의 연구자들과의 더욱 견고한 협력을 통해 네이버의 우수한 기술력을 글로벌 무대에 잘 알려나갈 수 있도록 노력하겠다”고 말했다.   PTIT X NAVER AI센터 센터장을 겸임하고 있는 Pham Van Cuong 우정통신기술대학 IT기술학과 부과장은 “이번 'AI NOW, ACADEMIC & CAREER' 컨퍼런스가 베트남을 포함한 글로벌 IT 분야의 인력 부족을 해결할 수 있는 마중물이 될 수 있을 것으로 기대한다”며 “베트남에서 처음 개최되는 이번 행사를 시작으로 많은 연구 개발 활동 및 투자를 이어가며 광범위한 AI 분야에서 고급 인재를 양성해 나갈 것”이라고 말했다”고 말했다.   한편, AI NOW 컨퍼런스는 네이버가 AI 기술의 연구 방향성과 성과를 제시하기 위해 올해 5월 첫 개최한 컨퍼런스로, 이 자리에서 초대규모 AI ‘하이퍼클로바’를 처음 소개했다. 네이버는 오는 11월 중 베트남 현지의 또다른 글로벌 AI 연구벨트 파트너인 HUST와도 산학협력 중간 결과를 공유하는 컨퍼런스 HUST X NAVER AI NOW를 진행할 계획이다."
[과학과 놀자] 얼굴로 스마트폰 잠금해제…어떻게 감지·구별하나,https://n.news.naver.com/mnews/article/015/0004642965?sid=102,"Tue, 21 Dec 2021 10:02:00 +0900","(77) 컴퓨터의 물체 인식최근 휴대폰엔 암호나 지문 대신 얼굴을 인식해 잠금을 해제하는 페이스 아이디(Face ID) 기능이 있다. 또 많은 사람이 본인의 모습을 특색 있게 남기기 위해 눈, 코, 입의 위치를 인식하는 앱을 사용하기도 한다. 이러한 작업을 위해서는 컴퓨터, 즉 기계가 이미지 정보를 인식해 얼굴 영역을 파악하고 또 그에 더해 눈, 코, 입의 위치를 파악해야 한다.컴퓨터는 어떻게 우리 얼굴을 감지하는 것일까? 확실하게 말할 수 있는 것은 사람이 물체를 인식하는 것과 컴퓨터가 물체를 인식하는 방식은 다르다는 것이다.컴퓨터는 사진이나 이미지를 디지털화된 숫자로 인식한다. 조금 더 구체적으로 말하면, 우리가 가진 디지털 이미지는 이미지의 크기만한 행렬로 표현되며 (여기서 이미지의 크기란 우리가 아는 해상도이다), 각각의 포인트는 픽셀이라고 불린다. 이 픽셀은 총 3개의 RGB(Red, Green, Blue)값을 갖는다. 즉 컴퓨터는 이미지를 3차원 배열(가로×세로×RGB)로 인식한다.따라서 컴퓨터를 사람이 인식하는 것처럼 픽셀 수준이 아니라 영역 위주로 정보를 인식하게 하려면 추가적인 계산이나 방법을 필요로 하게 되는데, 이렇게 컴퓨터가 물체나 사람을 인식하고 이미지 속 상황을 해석해 내는 것을 컴퓨터 비전이라고 한다. 컴퓨터 비전 세부 태스크들은 크게 객체 분류(image classification), 객체 탐지(object detection), 의미론적 분할(semantic segmentation)로 나눌 수 있다.객체 분류란 보통 이미지 인식이라고도 불리며, 이미지 속에 있는 객체를 인식하여 그 객체가 어떤 클래스에 포함되는지를 파악하는 기술이다. 컴퓨터 비전 영역에서 가장 기초적인 분야다. 예를 들어 비행기 사진을 입력하였을 때 이것이 비행기 클래스에 포함될 확률이 높다는 결과를 내놓는 것을 말하는데, 그림과 같이 사진 중앙에 물체가 하나만 있을 때 그 물체의 클래스를 알아내는 것이다.객체 탐지는 앞서 설명한 객체 분류에서 한 단계 더 나아가서 이미지 안에 존재하는 객체가 무엇인지 알아냄과 동시에 그것의 위치도 파악해 내는 것이다. 보통 네모난 경계 상자의 위치 좌표로 물체의 위치를 대략적으로 표시한다. 또 목적에 따라서 특정한 객체만 식별하게 할 수도 있고, 객체 분류와는 다르게 여러 개의 물체를 식별하고 위치를 파악해내게 할 수도 있는 기술을 말한다.의미론적 분할은 객체 탐지에서 더 나아가 이제는 객체의 위치를 네모난 경계 상자로 대략적으로 파악하는 것이 아니라 정확히 그 객체의 경계를 파악하여 객체의 영역을 확실하게 인식하는 것이다. 이미지의 픽셀들 사이에서 같은 의미를 가진 것들을 묶어서 영역으로 표시하기에 의미론적 분할이라고 부른다.앞서 설명한 태스크들을 컴퓨터가 할 수 있게 하기 위해 인공지능(딥러닝)을 활용할 수 있다. 딥러닝 네트워크를 각각의 태스크를 해낼 수 있게 하려면 네트워크에 어떻게 해당 태스크를 할 수 있는지 훈련을 시켜야 한다. 이러한 훈련은 보통 다양한 학습 데이터를 네트워크에 보여주고 네트워크의 출력이 점점 더 해당 태스크의 정답과 가까워지게 학습을 시키는 것이다. 따라서 태스크에 따라서 적절한 학습 데이터와 그 정답을 수집하는 것이 중요하다.객체 분류를 학습시키려면 이미지와 그에 해당되는 정답 객체 정보(사진에 어떤 클래스의 객체가 존재하는지)가 주석으로 달린 100만 개 이상의 이미지와 1000개 객체 클래스가 있는 이미지넷이 많이 쓰이고, 객체 탐지와 의미론적 분할을 학습시키기 위해서는 이미지에 있는 객체 영역의 정답 마스크 정보와 정답 경계상자 정보가 함께 있는 30만 장이 넘는 이미지가 있는 MS COCO 데이터세트가 많이 활용된다.앞서 말한 활용 사례 외에도 컴퓨터가 물체를 파악하는 기술은 무궁무진한 활용처가 존재한다. 앞으로 미래에는 사람만이 할 수 있었던 각종 산업현장, 의료분야, 생활 속 다양한 태스크들을 컴퓨터가 대체하게 되면서 많은 분야에서 사람의 역할을 충족시키게 될 것으로 전망된다.√ 기억해주세요김수진 한국과학기술연구원 KIST AI 로봇연구소 박사컴퓨터는 사진이나 이미지를 디지털화된 숫자로 인식한다. 조금 더 구체적으로 말하면, 우리가 가진 디지털 이미지는 이미지의 크기만한 행렬로 표현되며 (여기서 이미지의 크기란 우리가 아는 해상도이다), 각각의 포인트는 픽셀이라고 불린다. 이 픽셀은 총 3개의 RGB(Red, Green, Blue)값을 갖는다. 즉 컴퓨터는 이미지를 3차원 배열(가로×세로×RGB)로 인식한다."
"스트라드비젼-LG전자, 증강현실 기반 '운전석 계기 플랫폼 개발' 협업",https://n.news.naver.com/mnews/article/003/0010899415?sid=101,"Mon, 20 Dec 2021 16:23:00 +0900","[서울=뉴시스]스트라드비젼 헤드업 디스플레이 콘셉트 (이미지=스트다르비젼 제공) *재판매 및 DB 금지[서울=뉴시스] 최희정 기자 = 자율주행기술 국내 스타트업 스트라드비젼은 LG전자와 증강현실 기반의 차세대 운전석 계기 플랫폼 개발을 위한 협업을 한다고 20일 밝혔다. 양사는 한 단계 높은 주행 안전 표준을 제시하고, 업계 최고의 기능과 안정성, 효율성을 제공하는 LG전자의 차세대 증강현실 솔루션 선행개발을 위해 긴밀히 협력할 예정이다. 또 글로벌 시장에서 해당 솔루션을 통한 새로운 사업 기회 발굴에도 공동의 노력을 기울일 계획이다.스트라드비젼에 따르면 최근 전 세계 자동차업계는 증강현실 기반의 솔루션, 그 중에서도 증강현실 헤드업 디스플레이(AR-HUD)의 장점에 크게 주목하고 있다. 이 기술은 내비게이션, 각종 주행 경고 등을 시야 상에 배치해 운전자가 도로를 주시하면서 주변을 정확하게 인식할 수 있게 해준다. 주행 안전 개선에 대한 기대 효과가 큰 기술로, 최근 많은 자동차 제조사들이 도입을 검토하고 있다.스트라드비젼이 자사의 카메라 인식 소프트웨어 ‘SVNet’을 통해 제공하는 기술은 모노 채널 카메라만으로 물체의 정밀한 거리 측정이 가능한 ‘뎁스맵(Depth-map)’, 딥러닝 기술을 통해 영상 픽셀 단위로 분석하고 사물을 분류하는 ‘시멘틱 세그먼테이션(Semantic Segmentation)’, 각종 차선 이탈 경고나 유지 기능의 기초가 되는 ‘차선감지(Lane Detection)’ 등이다. 모두 증강현실 헤드업 디스플레이, 또는 운전석 센터스크린의 정확한 시각적 구현 및 개선에 중점을 둔 솔루션이다.[서울=뉴시스]스트라드비젼 시멘틱 세그먼테이션 (이미지=스트다르비젼 제공) *재판매 및 DB 금지스트라드비젼의 김준환 대표는 ""LG전자는 스트라드비젼 창업 초기부터 지원을 아끼지 않은 파트너사로, LG전자의 DNN 기반 차세대 증강현실 솔루션 선행 개발 협업 외에도 최신 ADAS 기술 개발을 위해 오랜 기간 함께 노력해 왔다""며 ""앞으로 안전한 주행 환경 구현을 위한 더욱 다양한 기술 개발, 사업 기회 발굴로 양사 간 협업을 확대해 나갈 수 있기를 희망한다""고 말했다. 한편, 스트라드비젼의 ‘SVNet’은 미국 자동차기술자협회(SAE)가 분류한 자율주행 레벨 2~4에 해당하는 첨단 운전자 보조 시스템(ADAS) 및 자율주행 기반 자동차의 양산 모델에 탑재되고 있다. ‘SVNet’은 최소한의 연산과 전력 소비만으로 딥러닝 기반 객체 인식 기능을 구현하는 초경량, 고효율 솔루션이다. 30개 이상의 다양한 기능을 제공하며, 14개 이상의 다양한 플랫폼에 탑재할 수 있는 높은 호환성이 강점이다."
"스트라드비젼, LG전자와 AR기반 운전석 플랫폼 개발 협력",https://n.news.naver.com/mnews/article/092/0002242701?sid=105,"Mon, 20 Dec 2021 15:47:00 +0900","김준환 대표 ""뎁스맵, 차선감지, 시맨틱 세그멘테이션 기술 등 제공""첨단운전자보조시스템(ADAS) 및 자율주행용 AI 기반 카메라 인식 소프트웨어를 개발하는 스트라드비젼(대표 김준환)은 LG전자와 증강현실 기반의 차세대 운전석 계기 플랫폼 개발을 위한 협업을 실시한다고 20일 밝혔다.두 회사는 한 단계 높은 주행 안전 표준을 제시하고, 업계 최고 기능과 안정성, 효율성을 제공하는 LG전자의 차세대 증강현실 솔루션 선행개발을 위해 긴밀하게 협력해 나간다. 또, 글로벌 시장에서 해당 솔루션을 통한 새로운 사업 기회 발굴에도 공동 노력을 기울일 계획이다.최근 세계 자동차 업계는 증강현실 기반 솔루션, 이 중 증강현실 헤드업 디스플레이(AR-HUD) 장점에 주목하고 있다. 이 기술은 내비게이션, 각종 주행 경고 등을 시야 상에 배치, 운전자가 도로를 주시하면서 주변을 정확하게 인식할 수 있게 해준다. 주행 안전 개선 기대 효과 큰 기술로, 최근 많은 자동차 제조사들이 다양한 차종에 도입하는 것을 검토하고 있다.스트라드비젼의시멘틱 세그먼테이션2 이미지.스트라드비젼의 헤드업 디스플레이 콘셉트 이미지스트라드비젼이 자사의 카메라 인식 소프트웨어 ‘SVNet’을 통해 제공하는 기술은 모노 채널 카메라만으로 물체의 정밀한 거리 측정이 가능한 ‘뎁스맵(Depth-map)’, 딥러닝 기술을 통해 영상 픽셀 단위로 분석하고 사물을 분류하는 ‘시맨틱 세그먼테이션(Semantic Segmentation)’, 각종 차선 이탈 경고나 유지 기능의 기초가 되는 ‘차선감지(Lane Detection)’ 등이다. 모두 증강현실 헤드업 디스플레이, 또는 운전석 센터스크린의 정확한 시각적 구현 및 개선에 중점을 둔 솔루션이다.스트라드비젼의 김준환 대표는 ""LG 전자는 스트라드비젼 창업 초기부터 지원을 아끼지 않은 파트너사로, LG전자의 DNN 기반 차세대 증강현실 솔루션 선행 개발 협업 외에도 최신 ADAS 기술 개발을 위해 오랜 기간 함께 노력해 왔다""면서 ""앞으로 안전한 주행 환경 구현을 위한 더욱 다양한 기술 개발, 사업 기회 발굴로 양사 간 협업을 확대해 나갈 수 있기를 희망한다""고 밝혔다.한편 2014년 설립된 스트라드비젼은 자사의 AI 기반 객체 인식 소프트웨어인 ‘SVNet’을 통해 글로벌 자동차 업계로부터 기술력을 인정받고 있다. ‘SVNet’은 최소한의 연산과 전력 소비만으로 딥러닝 기반 객체 인식 기능을 구현하는 초경량, 고효율 솔루션이다. 30개 이상의 다양한 기능을 제공하며, 14개 이상의 다양한 플랫폼에 탑재할 수 있는 높은 호환성을 강점으로 한다. 또, 라이다( LiDAR) 및 레이더(RADAR)와 같은 여러 센서와 연동한 서라운드 비전 구축도 가능하다.  ‘SVNet’은 미국 자동차기술자협회(SAE)가 분류한 자율주행 레벨 2~4에 해당하는 첨단 운전자 보조 시스템(ADAS) 및 자율주행 기반 자동차의 양산 모델에 탑재되고 있다."
"LG전자-스트라드비젼, AR 기반 운전석 계기 플랫폼 ‘맞손’",https://n.news.naver.com/mnews/article/031/0000643350?sid=105,"Mon, 20 Dec 2021 11:45:00 +0900","차세대 ADAS 기술 개발 협력LG전자와 스트라드비젼이 차량 안전 개선을 위한 차세대 ADAS 기술 개발에 협력한다. LG전자와 스트라드비젼이 차량 안전 개선을 위한 차세대 ADAS 기술 개발에 협력한다. [사진=스트라드비젼]스트라드비젼(대표 김준환)은 LG전자와 증강현실 기반의 차세대 운전석 계기 플랫폼 개발을 위한 협업을 실시한다고 20일 발표했다. 양사는 한 단계 높은 주행 안전 표준을 제시하고, 높은 기능과 안정성, 효율성을 제공하는 LG전자의 차세대 증강현실 솔루션 선행개발을 위해 협력한다. 글로벌 시장에서 해당 솔루션을 통한 새로운 사업 기회 발굴에도 공동의 노력을 기울인다. 최근 세계 자동차 업계는 증강현실 기반의 솔루션, 그 중에서도 증강현실 헤드업 디스플레이(AR-HUD)의 장점에 크게 주목하고 있다. 이 기술은 내비게이션, 각종 주행 경고 등을 시야 상에 배치해, 운전자가 도로를 주시하면서 주변을 정확하게 인식할 수 있도록 한다. 주행 안전 개선에 대한 기대 효과 큰 기술로, 최근 많은 자동차 제조사들이 다양한 차종에 도입하는 것을 검토하고 있다. 스트라드비젼이 자사의 카메라 인식 소프트웨어 ‘에스브이넷(SVNet)’을 통해 제공하는 기술은 모노 채널 카메라만으로 물체의 정밀한 거리 측정이 가능한 ‘뎁스맵(Depth-map)’, 딥러닝 기술을 통해 영상 픽셀 단위로 분석하고 사물을 분류하는 ‘시멘틱 세그먼테이션(Semantic Segmentation)’, 각종 차선 이탈 경고나 유지 기능의 기초가 되는 ‘차선감지(Lane Detection)’ 등이다.  김준환 스트라드비젼 대표는, “LG 전자는 스트라드비젼 창업 초기부터 지원을 아끼지 않은 파트너사로, LG전자의 DNN 기반 차세대 증강현실 솔루션 선행 개발 협업 외에도 최신 ADAS 기술 개발을 위해 오랜 기간 함께 노력해 왔다”라며, “앞으로 안전한 주행 환경 구현을 위한 더욱 다양한 기술 개발, 사업 기회 발굴로 양사 간 협업을 확대해 나갈 수 있기를 희망한다”라고 말했다."
"‘위드 AI’ 시대, 어떻게 준비할까?…매스웍스 “매트랩으로 손쉽게 인공지능...",https://n.news.naver.com/mnews/article/138/0002115638?sid=105,"Mon, 20 Dec 2021 11:45:00 +0900","[디지털데일리 박현영기자] 인공지능(AI)이 대부분의 산업에 도입되는 ‘위드 AI’ 시대가 도래했지만, 여전히 많은 기업들이 AI 도입 시 어려움을 겪고 있다. 담당 직원이 부재하거나, AI 모델링을 위해 필요한 데이터의 질이 낮아서 어려움을 겪는 경우도 흔하다.    하지만 가장 흔한 경우는 ‘사일로(Functional Silos)’로 인한 어려움이다. 사일로란 회사 내에서 외부와 소통하지 않는 부서를 가리키는 말이다. ‘기능적인 사일로’란 부서별로 담당하는 기능이 정확히 정해져 있어, 협업하는 환경이 마련되어있지 않은 것을 의미한다. 특히 인공지능 시스템을 개발할 때는 여러 단계가 필요한데, 각 단계를 한꺼번에 커버하는 플랫폼이 존재하지 않는 경우가 많다.    매스웍스는 이 사일로 문제를 해결해 인공지능 시스템을 개발할 수 있는 플랫폼 ‘매트랩(MATLAB)’을 제공하고 있다. 송완빈 매스웍스코리아 과장은 지난 17일 디지털데일리 온라인 컨퍼런스 플랫폼 DD튜브에서 열린 웨비나에서 인공지능 시스템 개발의 과정과 함께 매트랩의 강점을 소개했다.    송 과장은 “전체 워크플로우를 하나의 플랫폼에 담아 기능적인 사일로를 해결했다”며 “누구나 손쉽게 개발할 수 있는 환경을 제공하는 게 매트랩의 강점”이라고 강조했다.    ◆인공지능 개발 시 데이터가 제일 중요…“전처리‧라벨링 작업 지원”   인공지능 시스템을 설계하는 워크플로우는 크게 네 단계로 구성된다. ▲인공지능 학습에 쓰일 데이터를 모으는 데이터 준비 과정 ▲알고리즘을 적용해 인공지능 프로그램을 만드는 AI 모델링 ▲만들어진 모델을 기반으로 실행하는 시뮬레이션 테스트 ▲실제 모델을 배포하는 과정 등이다.    우선 1단계인 데이터 준비 과정에서 중요한 건 데이터를 전처리하는 작업이다. 예를 들어 신호나 음성 데이터는 노이즈를 없애는 전처리 작업이 필요하다. 영상도 전처리가 필요한데, 영상에서 관심 있는 부분만 따내는 작업이 대표적이다. 송 과장은 “인공지능 모델을 개발할 땐 80%의 노력을 데이터 준비에 써야 한다”며 이 같은 준비 작업이 중요함을 강조했다.    데이터를 라벨링하는 작업 역시 필수다. 라벨링이란 인공지능이 학습할 수 있도록 데이터에 대한 정보를 미리 달아주는 것을 말한다. 사람 이미지에 ‘사람’으로 분류할 수 있도록 주석을 달아주는 식이다.    송 과장은 라벨링에 대해 “데이터가 1000개 있으면 1000개에 대한 정답을 미리 달아주는 반복적인 작업”이라고 묘사했다. 반복적인 작업인 만큼 데이터 라벨링만을 위해 외주 업체를 쓰는 기업도 있을 정도다.    송 과장은 “매트랩은 여러 라벨링 툴을 가지고 영상, 이미지, 신호 모두 라벨링이 가능하다”고 설명했다. 이어 “라벨링을 할 때는 일관적으로 하는 게 중요한데, 이를 위해 알고리즘을 활용할 수 있다”며 “나만의 알고리즘을 끌어와서 라벨링하는 것도 가능하다”고 덧붙였다.    ◆AI 모델링, 전이학습 모델 제공…“모델링부터 배포까지 모든 과정 앱 기반”   이렇게 데이터 준비 작업을 마치면 알고리즘을 적용해 본격적으로 AI 모델링을 해야 한다. 매트랩에선 머신러닝, 딥러닝, 강화학습 등 여러 알고리즘을 활용할 수 있으며, 딥러닝 기반 모델도 쉽게 학습할 수 있도록 앱 기반으로 워크플로우를 지원한다.    만약 머신러닝 알고리즘을 활용하고자 한다면, 여러 머신러닝 알고리즘 중 어떤 게 적합한지 찾아야 한다. 매트랩은 이 과정을 편리하게 하기 위해 모든 알고리즘을 병렬로 학습해보도록 지원한다. 사용자는 입력한 데이터를 가지고 각각의 알고리즘을 적용해본 뒤, 그 결과를 확인해 어떤 게 적합한 알고리즘인지 결정할 수 있다.   딥러닝의 경우, 영상에 딥러닝 알고리즘을 적용해 AI 모델을 만들 때 크게 세 가지의 판별 모델이 있다. ▲이미지 분류(Image Classification) ▲객체 탐지(Object Detection) ▲시멘틱 분할(Semantic Segmentation, 픽셀 단위로 분활하는 것) 등이다.    이 때 이미지 분류 모델을 만들 땐 한 땀 한 땀 수백 만개의 영상을 준비해 학습하게끔 하는 방식도 있으나, ‘전이학습’이 유용하게 쓰인다. 전이학습이란 누군가가 만들어놓은 모델을 가져와서 내 작업에 알맞게 튜닝하는 것을 말한다. 즉, 이미 학습된 모델을 가져와서 일부만 바꾸는 것이다.    송 과장은 “매트랩에서는 누군가 만들어놓은 학습된 모델들도 제공한다”고 설명했다. 전이학습을 적용해 이미지 분류 모델을 만든 사례로는 일본 엔지니어링 기업 무사시의 사례를 들었다. 무사시는 결함이 있는 너트를 찾을 때 전이학습을 적용해 만든 이미지 분류 모델을 활용하고 있다.    영상 안에서 객체의 위치를 찾는 객체 탐지 모델을 만들 때도 마찬가지다. 미리 학습된 객체 탐지 모델을 불러와서, 빌트인(Bulit-in)된 함수들을 이용해 객체 탐지 모델을 설계 및 수정할 수 있다. 일례로 석유화학기업 쉴(Shell)은 태그 인식에 이렇게 개발한 객체 탐지 모델을 사용하고 있다.    마지막으로 영상을 픽셀 단위로 분류하는 시맨틱 분할 모델은 한국에서 딥러닝 알고리즘으로 가장 많은 사례를 배출한 모델이기도 하다. 마찬가지로 이미 만들어진 모델을 활용해 개발 가능하다. 매트랩은 깃허브 사이트에서 모델을 제공하고 있다. 사용자는 매트랩 깃허브에서 원하는 모델을 찾은 뒤, 매트랩 앱에 복사한 깃허브 주소를 넣고 활용할 수 있다. 일례로 현대제철이 철강 영상을 분석할 때 각 광물의 성문을 분석하는 데 이 시맨틱 분할 모델을 활용하고 있다.    이 같은 AI 모델링 단계를 통해 모델을 만들었다면, 이를 시뮬레이션 테스트해본 뒤 배포해야 한다. 배포 시에는 어디에 배포하는지에 따라, 즉 타깃에 따라 코드가 달라지게 된다.    이에 대해 송 과장은 “매트랩은 각 타깃에 맞게 코드를 변환해주는 자동 코드 생성 기능을 가지고 있다”며 “예를 들어 LG에너지솔루션은 딥러닝 기반으로 설비 고장 진잔 작업을 수행하고, exe 파일 형식으로 공장에 배포했다. 이 모든 워크플로우는 앱 기반으로 개발했다”고 강조했다. "
"스트라드비젼-LG전자, 증강현실 기술 기반 운전석 계기 플랫폼 개발 협업",https://n.news.naver.com/mnews/article/018/0005109744?sid=105,"Mon, 20 Dec 2021 09:46:00 +0900","스트라드비젼 헤드업 디스플레이 콘셉트 이미지[이데일리 이대호 기자] 자율주행기술 스타트업 스트라드비젼(대표 김준환)이 LG전자와 증강현실 기반의 차세대 운전석 계기 플랫폼 개발을 위한 협업을 실시한다고 20일 발표했다.양사는 한 단계 높은 주행 안전 표준을 제시하고, 업계 최고의 기능과 안정성, 효율성을 제공하는 LG전자의 차세대 증강현실 솔루션 선행개발을 위해 긴밀하게 협력해 나간다. 세계 시장에서 해당 솔루션을 통한 새로운 사업 기회 발굴에도 공동의 노력을 기울일 계획이다.스트라드비젼에 따르면 최근 세계 자동차 업계는 증강현실 기반의 솔루션, 그 중에서도 증강현실 헤드업 디스플레이(AR-HUD)의 장점에 크게 주목하고 있다. 이 기술은 내비게이션, 각종 주행 경고 등을 시야 상에 배치해, 운전자가 도로를 주시하면서 주변을 정확하게 인식할 수 있도록 한다. 주행 안전 개선에 대한 기대 효과 큰 기술로, 최근 많은 자동차 제조사들이 다양한 차종에 도입하는 것을 검토하고 있다.스트라드비젼이 자사의 카메라 인식 소프트웨어 ‘SVNet’을 통해 제공하는 기술은 △모노 채널 카메라만으로 물체의 정밀한 거리 측정이 가능한 ‘뎁스맵(Depth-map)’ △딥러닝 기술을 통해 영상 픽셀 단위로 분석하고 사물을 분류하는 ‘시멘틱 세그먼테이션(Semantic Segmentation)’ △각종 차선 이탈 경고나 유지 기능의 기초가 되는 ‘차선감지(Lane Detection)’ 등이다. 모두 증강현실 헤드업 디스플레이, 또는 운전석 센터스크린의 정확한 시각적 구현 및 개선에 중점을 둔 솔루션이다.스트라드비젼의 김준환 대표는 “LG 전자는 스트라드비젼 창업 초기부터 지원을 아끼지 않은 파트너사로 LG전자의 DNN 기반 차세대 증강현실 솔루션 선행 개발 협업 외에도 최신 ADAS 기술 개발을 위해 오랜 기간 함께 노력해 왔다”며 “앞으로 안전한 주행 환경 구현을 위한 더욱 다양한 기술 개발, 사업 기회 발굴로 양사 간 협업을 확대해 나갈 수 있기를 희망한다”라고 밝혔다.한편 스드라드비젼의 SVNet은 미국 자동차기술자협회(SAE)가 분류한 자율주행 레벨 2~4에 해당하는 첨단운전자보조시스템(ADAS) 및 자율주행 기반 자동차의 양산 모델에 탑재되고 있다. SVNet은 최소한의 연산과 전력 소비만으로 딥러닝 기반 객체 인식 기능을 구현하는 초경량, 고효율 솔루션이다."
네이버-서울대 초거대AI 연구실 개소···산학협력 본격화,https://n.news.naver.com/mnews/article/011/0003992264?sid=105,"Thu, 02 Dec 2021 14:49:00 +0900","네이버 연구원, 겸직교수로도 임명돼 인재양성50명 이상 학생들 프로젝트 참여···10명은 인턴[서울경제] 네이버가 서울대와 초거대 인공지능(AI) 연구를 위한 전용 연구실을 개소했다고 2일 밝혔다. AI 산학협력을 위한 클로바의 거점 오피스로도 활용될 계획이다.네이버는 전날 서울대 AI 연구원 내에 연구 공간을 열고 주요 관계자들이 참석한 가운데 현판식을 개최했다. 네이버는 새로 마련한 연구 공간을 기반으로 서울대 연구원들과 AI 산학협력에 속도를 낸다는 계획이다. 서울대 측은 학내 연구 공간을 통해 더욱 긴밀한 산학협력이 가능해질 뿐 아니라, 네이버 연구자들과 학생들 간의 교류도 더욱 활성화될 것으로 기대하고 있다.네이버와 서울대는 지난 5월 ‘초대규모 AI 공동연구’를 위한 협약을 체결하고 공동 연구에 나섰다. 문태섭 교수팀과 함께 연구한 ‘SSUL: Semantic Segmentation with Unknown Label for Exemplar-based Class-Incremental Learning’(예제 기반의 클래스 증분 학습을 위한 미식별 레이블 정보활용 의미분할 기법)을 비롯해 다양한 연구 결과들이 세계적인 AI 학회에 제출, 발표됐다.또 지난 가을학기부터 네이버의 윤상두, 유영준 연구원이 서울대의 겸직 교수로 임명돼 AI 인재 양성에도 적극 나서고 있다. 두 연구원은 서울대의 교수진들과 함께 공동 연구를 수행하고 서울대 AI 대학원의 대학원생들을 연구지도하고 있다. 이러한 산학협력의 결과로 50명 이상의 학생들이 산학 프로젝트에 참여하고 있으며 그 중 10명은 인턴으로 네이버에 합류했다.정석근 네이버 클로바CIC 대표는 “초대규모 AI의 무한한 가능성만큼이나 글로벌 도전을 위해서 앞으로 해결해야 할 과제들도 산적해있다”면서 “서울대와의 ‘하이퍼스케일’한 산학협력을 통해 의미 있는 문제들을 함께 해결하고, 역량 있는 AI 인재들과 같이 성장해나갈 수 있기를 기대한다”고 말했다.최해천 서울대 연구부총장은 ""한국어 기반으로 세계 최고 수준의 인공지능을 3년 안에 개발하겠다는 큰 연구, 사회에 공헌할 수 있는 연구, 어려운 문제를 풀어가는 연구를 서울대인들이 할 수 있도록 손내밀어준 네이버에 감사드린다""고 말했다."
"네이버-서울대, AI 연구 공간 마련...산학협력 본격화",https://n.news.naver.com/mnews/article/092/0002240979?sid=105,"Thu, 02 Dec 2021 13:50:00 +0900","네이버 연구원들이 서울대 겸직 교수로 발령돼 AI 인재 양성네이버가 '서울대-네이버 초대규모 AI 연구센터'를 위한 전용 연구 공간을 마련하고, 초대규모 AI 산학협력을 본격화한다.네이버는 서울대 AI 연구원 내에 연구 공간을 열고, 이를 기념해 주요 관계자들이 참석한 가운데 1일 현판식을 개최했다. 이날 서울대에서는 최해천 연구부총장, 이병호 공과대학장, 장병탁 AI연구원장, 전병곤 AI연구원 연구부원장 등이 현판식에 참석했다. 네이버에서는 정석근 클로바CIC 대표, 하정우 AI랩 소장, 성낙호 클로바CIC 책임리더 등이 자리했다.네이버는 이 공간을 기반으로 서울대의 연구원들과 활발하게 의사소통하며, AI 산학협력에 더욱 속도를 낸다는 계획이다. 해당 공간은 서울대의 겸직 교수로 임용된 네이버 연구원들을 위한 연구실이자, AI 산학협력을 위한 클로바의 거점 오피스로 활용된다. 서울대 측은 학내 연구 공간을 통해 더욱 긴밀한 산학협력이 가능해질 뿐 아니라, 네이버 연구자들과 학생들 간의 교류도 더욱 활성화될 것으로 기대하고 있다.서울대-네이버 초대규모 AI 연구센터 현판식네이버는 서울대와 지난 5월 초대규모 AI 공동연구를 위한 협약을 체결하고, 공동 연구센터를 설립한 바 있다. 서울대 측에서는 무려 10개의 AI 랩이 초대규모AI와 관련한 다양한 난제를 해결하기 위해 네이버와의 연구 협력에 참여했으며, 그 성과도 이미 가시화되고 있다.문태섭 교수팀과 함께 연구한 'SSUL: Semantic Segmentation with Unknown Label for Exemplar-based Class-Incremental Learning'(예제 기반의 클래스 증분 학습을 위한 미식별 레이블 정보활용 의미분할 기법)을 세계 최고 권위의 머신러닝 학회인 NeurIPS 2021에서 발표했다. 또 다양한 논문을 세계적인 AI 학회들에 제출한 상태다.현재는 최신 지식 반영, 멀티모달(multimodal) 확장, 초대규모AI의 연속 학습 등 초대규모AI의 한계점 극복을 위한 공동 연구를 수행 중이다. 전병곤 교수는 ""각자 세부 주제는 다르지만 하나의 목표를 향해 유기적으로 연결된 연구""라고 설명했다또 지난 가을학기부터 네이버의 윤상두, 유영준 연구원이 서울대의 겸직 교수로 임명돼 산학협력을 강화하는 한편, AI 인재 양성에도 적극 나서고 있다. 윤상두, 유영준 연구원은 서울대의 교수진들과 함께 공동 연구를 수행하고, 서울대 AI 대학원의 대학원생들을 공동으로 연구지도하고 있다. 2022년 1학기에는 '딥러닝과 실제 응용'이라는 대학원 정규 과목을 개설해 최신 AI 기술 연구 동향 및 네이버 클로바의 연구 결과를 소개하고, 이런 기술이 실제 클로바 AI 서비스에 어떻게 적용되는지를 강의할 예정이다. 산학협력의 결과로 50명 이상의 학생들이 산학 프로젝트에 참여하고 있으며, 그 중 10명은 인턴으로 네이버에 합류한 상태다.정석근 네이버 클로바CIC 대표는 “초대규모 AI의 무한한 가능성만큼이나 글로벌 도전을 위해서 앞으로 해결해야 할 과제들도 산적해있다”면서 “서울대와의 '하이퍼스케일'한 산학협력을 통해 의미 있는 문제들을 함께 해결하고, 역량 있는 AI 인재들과 같이 성장해나갈 수 있기를 기대한다”고 말했다.서울대 최해천 연구부총장은 “한국어 기반으로 세계 최고 수준의 인공지능을 3년 안에 개발하겠다는 큰 연구, 사회에 공헌할 수 있는 연구, 어려운 문제를 풀어가는 연구를 서울대인들이 할 수 있도록 손을 내밀어준 네이버에 감사드린다”고 밝혔다.네이버는 서울대뿐만 아니라 KAIST, 베트남 HUST와 PTIT, 독일 튀빙겐 대학 등 다양한 국내외의 유수 연구기관들과 공동 연구센터를 설립하며, 초대규모 AI 분야의 리더십을 공고히 해나가고 있다."
"네이버-서울대, 초대규모 AI 협력 본격화…'공동 연구센터' 구축",https://n.news.naver.com/mnews/article/030/0002985487?sid=101,"Thu, 02 Dec 2021 11:47:00 +0900","네이버 연구원들이 서울대 겸직 교수로 발령돼 AI 인재 양성 나서네이버가 서울대와 손잡고 '초대규모 AI 연구센터(SNU-NAVER Hyperscale AI Center)'를 위한 전용 연구 공간을 마련하고 산학협력을 본격화한다.네이버는 최근 서울대 AI 연구원 내에 연구 공간을 열고, 주요 관계자들과 함께 현판식을 개최했다고 2일 밝혔다.연구 공간은 서울대의 겸직 교수로 임용된 네이버 연구원들을 위한 연구실이자, AI 산학협력을 위한 클로바의 거점 오피스로 활용된다. 서울대 측은 학내 연구 공간을 통해 더욱 긴밀한 산학협력이 가능해질 뿐 아니라, 네이버 연구자들과 학생들 간의 교류도 더욱 활성화될 것으로 기대하고 있다.네이버는 서울대와 지난 5월 초대규모 AI 공동연구를 위한 협약을 체결하고, 공동 연구센터를 설립한 바 있다. 서울대 측에서 10개의 AI 랩이 초대규모 AI와 관련한 다양한 난제를 해결하기 위해 네이버와의 연구 협력에 참여했으며, 그 성과도 이미 가시화되고 있다. 문태섭 교수팀과 함께 연구한 'SSUL: Semantic Segmentation with Unknown Label for Exemplar-based Class-Incremental Learning'(예제 기반의 클래스 증분 학습을 위한 미식별 레이블 정보활용 의미분할 기법)을 세계 최고 권위의 머신러닝 학회인 NeurIPS 2021에서 발표하기도 했다.이외에도 다양한 논문을 세계적인 AI 학회들에 제출한 상태다. 현재는 최신 지식 반영, 멀티모달 확장, 초대규모 AI의 연속 학습 등 초대규모 AI의 한계점 극복을 위한 공동 연구를 수행 중이다. 전병곤 교수는 “각자 세부 주제는 다르지만 하나의 목표를 향해 유기적으로 연결된 연구”라고 설명했다.네이버는 지난 1일 서울대 AI 연구원 내에 연구 공간을 열고, 주요 관계자들과 함께 현판식을 개최했다. (왼쪽부터) 네이버 유영준 TL, 네이버 윤상두 TL, 최해천 서울대 연구부총장, 네이버 성낙호 책임리더, 장병탁 AI 연구원장, 네이버 하정우 AI랩 소장, 네이버 정석근 클로바 CIC 대표, 전병곤 AI 연구원 부원장(공동연구센터장), 이병호 서울대 공과대학 학장, 송현오 교수, 이경무 서울대 AI 대학원장, 문태섭 교수, 윤성로 교수.또한 지난 가을학기부터 네이버의 윤상두, 유영준 연구원이 서울대의 겸직 교수로 임명, AI 인재 양성에도 적극 나서고 있다. 오는 2022년 1학기에 '딥러닝과 실제 응용'이라는 대학원 정규 과목을 개설해, 최신 AI 기술 연구 동향 및 네이버 클로바의 연구 결과를 소개하고 이러한 기술이 실제 클로바 AI 서비스에 어떻게 적용되는지를 강의할 예정이다. 50명 이상의 학생들이 산학 프로젝트에 참여하고 있으며, 이 중 10명은 인턴으로 네이버에 합류한 상태다.정석근 네이버 클로바CIC 대표는 “초대규모 AI의 무한한 가능성만큼이나 글로벌 도전을 위해서 앞으로 해결해야 할 과제들도 산적해있다”면서 “서울대와의 '하이퍼스케일'한 산학협력을 통해 의미 있는 문제들을 함께 해결하고, 역량 있는 AI 인재들과 같이 성장해나갈 수 있기를 기대한다”고 말했다."
"스트라드비젼, ‘오토모티브 테크위크 참가’…자율주행 SW ‘첨병’",https://n.news.naver.com/mnews/article/031/0000635514?sid=105,"Fri, 12 Nov 2021 11:42:00 +0900","“최신 자율주행 기술로 미국 시장 두드린다”스트라드비젼이 오토모티브 테크위크에 참가해 자율주행 소프트웨어(SW) 역량을 선보인다.최대 9개의 카메라로 차량 주변의 360도 인식이 가능한 스트라드비젼 ‘9ch 멀티 카메라(Multi-camera)’ [사진=스트라드비젼]스트라드비젼(대표 김준환)은 오는 16일부터 17일까지(현지시간) 미국 미시간주 노바이에서 개최되는 ‘오토모티브 테크 위크 2021’에 참가한다고 12일 발표했다. 코로나 상황을 고려해 온라인과 오프라인을 겸한 하이브리드 방식으로 진행되는 이번 전시회는, 차량 전기화 및 자율주행 기술 도입 등을 비롯한 전 세계 자동차 업계 주요 트렌드를 주제로 진행된다. 이번 행사에는 미국 및 글로벌 자동차 업계 주요 기업 1천여 개가 참가할 예정이다. 스트라드비젼은 본 전시회에서 모노 채널 카메라만으로 물체의 정밀한 거리 측정이 가능한 ‘뎁스맵(Depth-map)’, 딥러닝 기술을 통해 영상 픽셀 단위로 분석하고 사물을 분류하는 ‘시멘틱 세그먼테이션(Semantic Segmentation)’ 기술을 선보인다. 또, 최대 9개의 카메라로 차량 주변의 360도 인식이 가능한 ‘멀티 카메라(Multi-camera)’ 기능도 전시한다. 멀티 카메라 기술은 자동 발레파킹(Automated Valet Parking) 및 레벨3 이상의 자율주행 기능을 구현하는 데 필요한 핵심 기술이다.  이선영 스트라드비젼 최고운영책임자(이사)는 ""미국은 자율주행 기술 발전을 선도하는 핵심 시장으로 사업적 중요도가 매우 높다""라며, ""스트라드비젼은 현재 미국에서 160건 이상의 특허를 획득하고 자동차 및 반도체 업계 리더들과 협업하는 등 자율주행 기술 선도 기업으로 인정받고 있다. 앞으로 더욱 공격적인 시장 공략을 통해 사업 확장에 박차를 가할 계획이다""라고 밝혔다. 2014년 설립된 스트라드비젼은 자사의 AI 기반 객체 인식 소프트웨어인 ‘SVNet’을 통해 글로벌 자동차 업계로부터 기술력을 인정받고 있다. ‘SVNet’은 미국 자동차기술자협회(SAE)가 분류한 자율주행 레벨 2 ~ 4에 해당하는 첨단 운전자 보조 시스템(ADAS) 및 자율주행 기반 자동차의 양산 모델에 탑재되고 있다. 스트라드비젼은 현재까지 전 세계 13개 제조사, 50개 이상의 차종에 자사의 소프트웨어를 공급하는 계약을 체결했다."
"스트라드비젼, 일본 최대가전전시회 'CEATEC 2021' 참가",https://n.news.naver.com/mnews/article/469/0000635786?sid=101,"Tue, 19 Oct 2021 08:09:00 +0900","스트라드비젼, 일본 최대가전전시회 'CEATEC 2021' 참가첨단 운전자 보조 시스템(ADAS) 및 자율주행용 AI 기반 카메라 인식 소프트웨어를 개발하는 국내 스타트업 스트라드비젼(대표 김준환)이 오는 10월 19일부터 22일까지 4일 동안 개최되는 일본 최대 전자기기 박람회 ‘씨텍 2021(CEATEC 2021)’에 참가한다.스트라드비젼은 코로나 상황을 고려해 온라인으로 개최되는 이번 행사에서 모노 채널 카메라 기반의 깊이 추정(Depth Estimation) 기술은 물론, 시맨틱 세그먼테이션(Semantic Segmentation), 각종 차선 및 객체 인식 기술을 선보일 예정이다.이는, 최근 자동차 업계에서 큰 관심을 얻고 있는 첨단 운전자 보조 시스템(ADAS) 분야의 최신 기능인 의사 라이다(Pseudo LiDAR)와 증강현실 헤드업 디스플레이(AR-HUD)를 각각 구현하는 핵심 기술이다. 의사 라이다는 레이저 기반의 정확한 거리 감지가 강점인 라이다 센서를 카메라로 대체하는 최신 기술이다. 라이다의 높은 공급 단가와 차량 설계의 제약을 해결하기 위한 새로운 솔루션으로 자동차 업계의 큰 관심을 모으고 있다.스트라드비젼, 일본 최대가전전시회 'CEATEC 2021' 참가스트라드비젼의 깊이 추정 기술은 카메라가 획득한 2차원 이미지를 딥러닝 기술로 분석해 차량 주변 객체의 거리나 심도 등의 정보를 3차원 데이터인 가상의 포인트 클라우드(Point Cloud)와 뎁스맵(Depth Map) 형태로 구현한다.특히, 모노 채널 카메라와 저가, 저성능의 플랫폼과 연동이 가능해 의사 라이다 기능 구현에 있어 높은 비용 절감, 소형화, 효율화 효과를 제공한다.의사 라이다와 더불어 증강현실 헤드업 디스플레이 솔루션을 위한 최신 기술도 선보인다. 증강현실 헤드업 디스플레이는 운전자의 시야 상에 상호 작용하는 컴퓨터 그래픽 요소를 배치해 상황 인식 능력을 개선한다.스트라드비젼의 딥러닝 기반 카메라 인식 소프트웨어 SVNet은 각종 차선 및 객체 인식, 시멘틱 세그먼테이션 기술을 활용해 차량이나 보행자, 신호등을 비롯한 도로상의 다양한 물체에 대한 정보를 분석한다. 이를 통해, 각종 증강 현실 요소들이 정확한 위치에 시현되고 유지될 수 있도록 지원한다.스트라드비젼, 일본 최대가전전시회 'CEATEC 2021' 참가김준환 스트라드비젼 대표는 “최근 많은 자동차 제조사들이 의사 라이다, 증강현실 헤드업 디스플레이 등 주행 안전 개선을 위한 새로운 기술 도입을 검토하고 있다""라며 ""탁월한 객체 인식 성능을 보다 비용 효율적으로 제공하는 SVNet을 통해 보다 많은 운전자와 보행자에게 최신 기술의 혜택이 돌아갈 수 있도록 기여하고자 한다”라고 밝혔다.스트라드비젼이 씨텍 2021에서 선보이는 차세대 객체 인식 기술에 대한 자세한 정보는 온라인 부스를 통해 확인할 수 있다.모클 김학수 기자"
"스트라드비젼, 日 ‘씨텍 2021’서 최신 자율주행 기술 공개",https://n.news.naver.com/mnews/article/018/0005063174?sid=105,"Mon, 18 Oct 2021 17:20:00 +0900","‘모노채널 카메라로 라이다 대체’ 의사 라이다 등 기술 공개다양한 첨단운전자보조시스템(ADAS)용 솔루션 시연스트라브비젼 뎁스 맵(Depth Map) 구현 이미지[이데일리 이대호 기자] 자율주행 인공지능(AI) 기술기업  스트라드비젼(대표 김준환)이 오는 19일부터 22일까지 4일 동안 개최되는 일본 최대 전자기기 박람회 ‘씨텍 2021(CEATEC 2021)’에 참가한다고 18일 밝혔다.스트라드비젼은 코로나 상황을 고려해 온라인으로 개최되는 이번 행사에서 모노 채널 카메라 기반의 깊이 추정(Depth Estimation) 기술과 시맨틱 세그먼테이션(Semantic Segmentation), 각종 차선 및 객체 인식 기술을 선보일 예정이다. 최근 자동차 업계에서 큰 관심을 얻고 있는 첨단운전자보조시스템(ADAS) 분야의 최신 기능인 의사 라이다(Pseudo LiDAR)와 증강현실 헤드업 디스플레이(AR-HUD)를 각각 구현하는 핵심 기술이라는 게 회사 설명이다.의사 라이다는 레이저 기반의 정확한 거리 감지가 강점인 라이다 센서를 카메라로 대체하는 최신 기술이다. 라이다의 높은 공급 단가와 차량 설계의 제약을 해결하기 위한 새로운 솔루션으로 자동차 업계의 큰 관심을 모으고 있다.스트라드비젼의 깊이 추정 기술은 카메라가 획득한 2차원 이미지를 딥러닝 기술로 분석해 차량 주변 객체의 거리나 심도 등의 정보를 3차원 데이터인 가상의 포인트 클라우드(Point Cloud)와 뎁스맵(Depth Map) 형태로 구현한다. 특히 모노 채널 카메라와 저가, 저성능의 플랫폼과 연동이 가능해 의사 라이다 기능 구현에 있어 높은 비용 절감, 소형화, 효율화 효과를 제공한다.회사는 증강현실 헤드업디스플레이 솔루션을 위한 최신 기술도 선보인다. 증강현실 헤드업 디스플레이는 운전자의 시야 상에 상호 작용하는 컴퓨터 그래픽 요소를 배치해 상황 인식 능력을 개선한다. 주행 안전 개선의 효과가 커 많은 자동차 제조사들이 다양한 차량 라인업에 적용하는 것을 검토하고 있다.스트라드비젼의 딥러닝 기반 카메라 인식 소프트웨어(SVNet)가 각종 차선 및 객체 인식, 시멘틱 세그먼테이션 기술을 활용해 차량이나 보행자, 신호등을 비롯한 도로상의 다양한 물체에 대한 정보를 분석하고 각종 증강현실 요소들이 정확한 위치에 시현되고 유지될 수 있도록 지원한다.김준환 스트라드비젼 대표는, “최근 많은 자동차 제조사들이 의사 라이다, 증강현실 헤드업 디스플레이 등 주행 안전 개선을 위한 새로운 기술 도입을 검토하고 있다”며 “탁월한 객체 인식 성능을 보다 비용 효율적으로 제공하는 SVNet의 강점을 바탕으로 일본을 비롯한 글로벌 시장의 다양한 리더와의 협업을 확대하고 이를 통해 보다 많은 운전자와 보행자에게 최신 기술의 혜택이 돌아갈 수 있도록 기여하고자 한다”라고 밝혔다."
"""車도 탈선하면 안돼요""…스트라드비젼, 자율주행 핵심 기술 공개",https://n.news.naver.com/mnews/article/009/0004866080?sid=103,"Mon, 18 Oct 2021 13:36:00 +0900","[사진 제공 = 스트라드비젼] 자동차 자율주행 기술 스타트업 스트라드비젼(대표 김준환)이 첨단 운전자 보조 시스템(ADAS) 최신 기능인 의사 라이다와 증강현실 헤드업 디스플레이(HUD) 핵심 기술을 공개한다.스트라드비젼은 오는 19일부터 22일까지 4일 동안 개최되는 일본 최대 전자기기 박람회 '씨텍 2021(CEATEC 2021)'에 참가한다.스트라드비젼은 코로나 상황을 고려해 온라인으로 개최되는 이번 행사에서 모노 채널 카메라 기반의 깊이 추정(Depth Estimation) 기술, 시맨틱 세그먼테이션(Semantic Segmentation), 각종 차선 및 객체 인식 기술을 선보일 예정이다.의사 라이다는 레이저 기반의 정확한 거리 감지가 강점인 라이다 센서를 카메라로 대체하는 최신 기술이다. 라이다의 높은 공급 단가와 차량 설계의 제약을 해결하기 위한 새로운 솔루션이다.증강현실 HUD는 운전자의 시야 상에 상호 작용하는 컴퓨터 그래픽 요소를 배치해 상황 인식 능력을 개선한다. 주행 안전 개선의 효과가 뛰어나다.스트라드비젼의 딥러닝 기반 카메라 인식 소프트웨어 SVNet은 각종 차선 및 객체 인식, 시멘틱 세그먼테이션 기술을 활용한다. 차량이나 보행자, 신호등을 비롯한 도로상의 다양한 물체 정보를 분석한 뒤 증강현실 요소들이 정확한 위치에 시현되고 유지될 수 있도록 지원한다."
"네이버, 베트남 우정통신대학과 AI 연구…현지 두 번째 연구 거점",https://n.news.naver.com/mnews/article/018/0004940537?sid=105,"Thu, 27 May 2021 16:06:00 +0900","‘우정통신대학(PTIT)-네이버 AI 센터’ 오픈하노이과학기술대학(HUST) 이어 두 번째 거점[이데일리 이대호 기자] 네이버(035420)가 베트남 정보기술(IT) 대표적 대학이자 최고 고등연구기관인 우정통신대학(PTIT)과 함께 ‘PTIT-네이버 AI 센터(PTIT-NAVER AI Center)’를 오픈했다고 27일 밝혔다. 인공지능(AI) 연구개발 등 다양한 산학협력을 진행할 전용 연구 공간이다.지난 3월 하노이과학기술대학(HUST)의 공동 AI 센터에 이어 베트남에서 두 번째 연구 거점을 마련하게 됐다. 지난 2019년 ‘글로벌 AI R&D 벨트’를 선언한 이후, 최근 미국으로 연구개발(R&D) 조직을 확대하고 국내에서는 KAIST 및 서울대와도 공동 AI 연구를 선언하는 등 기술 연구 기반을 전세계로 빠르게 넓혀가고 있는 모습이다.27일 베트남 하노이에서 진행된 공동 AI 센터 오픈식에는 베트남디지털통신협회(Vietnam Digital Communications Association, VDCA) 응우엔 밍 홍(Nguyen Minh Hong) 회장과 PTIT 드 밍 프엉(Tu Minh Phuong) 이사장, 부 반 산(Vu Van San) 총장, 당 화이 박(Dang Hoai Bac) 부총장을 비롯한 양사 관계자들이 참석했다.PTIT 캠퍼스 내에 설치된 ‘PTIT-네이버 공동 AI 센터’에서는 베트남 현지의 우수 인재들과 네이버 연구진들이 딥러닝, 매핑, 동영상, 음성인식 등 다양한 기술 분야 산학과제들을 진행할 예정이다. 대표적으로 ▲Indoor semantic segmentation(실내 이미지의 의미 영역 인식) ▲Fine-grained segmentation by deep learning(딥러닝 기반의 다양한 물체 영역 인식) ▲Neural Network approaches to improve performance of H.264 video coding standard(딥러닝 기반 비디오 코덱 성능 향상) ▲Neural Adaptive Video Streaming(딥러닝 기반 적응형 비디오 스트리밍 기술) ▲Vietnam speech-utterance corpus construction for ASR (베트남어 음성인식 기술 및 데이터 구축) 등이 있다.네이버는 산학과제 진행 단계에 따라 현지 연구인력들을 대상으로 한 글로벌 연수 프로그램, 네이버 엔지니어들의 현지 특강, 인턴십 및 장학금 등 다양한 프로그램들을 지원한다. 이외에도 AI 등 기술 주제와 밀접한 다양한 캠퍼스 행사도 해당 공간에서 수시로 진행될 예정이다.부 반 산(Vu Van San) PTIT 총장은 “PTIT에서 현재 진행 중인 연구 활동과 함께 네이버와의 적극적 AI 기술 교류는 PTIT의 디지털화 과정에 굉장한 힘을 보태며 PTIT의 경쟁력을 더욱 키울 전망이다. 앞으로 양측이 많은 성과와 협력 기회를 기원한다”고 말했다.응우엔 밍 홍(Nguyen Minh Hong) 베트남디지털통신협회 회장은 “PTIT가 베트남 정보통신부 산하의 유일한 대학인 만큼 한국의 일류 IT기업인 네이버와 PTIT 간의 산학협력은 베트남 AI 연구 개발에 일대진보”라며 “이번 공동 AI 센터를 설립함으로써 네이버와 PTIT가 정부부처와 교육기관과 함께 협업해 수도권에 한정하지 않고 전국적으로 교육연구 프로그램을 진행할 예정이라고 알게 됐고, IT분야 관련 기관 책임자로서 이보다 더 좋은 소식이 없다고 생각한다. 공동 AI센터의 많은 성공을 기원한다”고 말했다.박동진 네이버 베트남 법인장 겸 공동 AI 센터장은 “프랑스에 위치한 글로벌 톱클래스 AI 연구소 네이버랩스유럽, 일본에서의 라인과 야후재팬 간 경영통합, 미국으로 확대된 R&D 조직, KAIST·서울대·HUST·PTIT 등 한국 및 동남아 지역 최고 수준의 대학들과 진행되는 AI 기술 연구/협력 등 글로벌 기술 기업 도약을 위한 다양한 기회들을 마련하게 됐다”며 “향후 전세계 각지 우수한 기술 인재들과 네트워크를 지속적으로 넓히고, 이들과 함께 성장을 도모하는 글로벌 AI 기술 선도 기업으로 거듭나겠다”고 밝혔다.이대호 (ldhdd@edaily.co.kr)▶ #24시간 빠른 #미리보는 뉴스 #eNews+▶ 네이버에서 '이데일리 뉴스'를 만나보세요▶ 빡침해소, 청춘뉘우스 '스냅타임'＜ⓒ종합 경제정보 미디어 이데일리 - 무단전재 & 재배포 금지＞"
"인공지능(AI)의 기술의 핵심, 학습용 데이터 라벨링 시장을 선도하는 ‘㈜데이...",https://n.news.naver.com/mnews/article/029/0002669709?sid=105,"Mon, 26 Apr 2021 14:12:00 +0900","사진= ㈜데이터메이커. 제공    지난해 7월 과기정통부의 디지털 뉴딜에 관한 추경예산을 자세히 살펴보면 7개의 사업 중에서도 가장 큰 규모인 2,925억의 예산이 투입된 '인공지능(AI) 학습용 데이터 구축사업'이 가장 먼저 눈에 띈다. 학습용 데이터 구축사업은 인공지능(AI)개발에 필수적인 양질의 데이터를 대규모로 구축하고 개방하는 사업이다. 정부는 작년 이에 관련된 총 150개의 과제를 공모하여 우수한 여러 기업과 다양한 프로젝트를 진행했는데, 그중에서도 대전도시철도공사와 지하철 역사 내 CCTV를 활용한 '이상행동 자동 감지 시스템'을 진행한 '㈜데이터메이커(대표 이에녹)'가 우수한 과제 성과를 올리며, 업계의 많은 주목을 받고 있다.2018년 10월에 설립된 '㈜데이터메이커'는 인공지능(AI)의 학습용 데이터를 전문적으로 라벨링 하고 가공하는 기업으로 대한민국과 아프리카 가나에 데이터 랩을 운영 중이다. 인공지능은 학습용 데이터의 양과 품질에 따라서 그 완성도가 결정된다. 불과 몇 년 전만 해도 걸음마 수준이었던 인공지능은 그야말로 비약적인 발전을 거듭하고 있다. 매우 빠르게 발전하고 있는 인공지능 기술은, 더욱 높은 완성도를 요구하고 있다. 인공지능이 학습을 하기 위해서는 가장 먼저 데이터가 필요하다. 이미지 속의 사물이 '동물인지 사람인지' 혹은 '어떤 동물인지'를 구분하는 간단한 인공지능도 수없이 많은 데이터를 학습한 후에 비로소 완성된다. 이에 학습용 데이터의 양과 품질은 인공지능의 완성도에 막대한 영향을 끼친다. 그렇다면 학습용 데이터는 어떻게 만들어지는가? 아이러니하게도 스스로 학습하고 인간의 두뇌를 대신하는 인공지능을 위한 학습용 데이터의 가공작업은 이른바 '디지털 인형 눈알 붙이기'라고 불릴 정도의 단순 반복 수작업이다. 사람이 일일이 모든 데이터를 일일이 확인하면서 사진 속에 동물이 '고양이인지 개인지, 어느 위치에 있는지'를 라벨링 해야 한다. 이렇게 라벨링된 이미지를 인공지능이 학습하고, 스스로 판단하게 만드는 것이다. 이렇듯 인공지능의 학습지와 같은 역할을 하는 데이터를 구축하는 과정은 단순 작업의 반복이지만 절대적으로 인간의 지능과 사회적 경험을 필요로 한다. 따라서 저렴하면서 전문화된 인적 인프라를 구축하는 것이 이 사업의 가장 큰 경쟁력이 되고 있다. ㈜데이터메이커는 가나의 수도인 아크라(Accra)를 포함한 2곳에 데이터 연구소를 설립하여, 전문적인 데이터 라벨러를 교육하고, 이들을 적극 활용하여 인공지능 학습용 데이터를 구축하고 있다. 가나의 최저임금은 우리나라의 20분에 1 정도로 매우 저렴하다. 저렴하고 전문화된 인적 인프라는 ㈜데이터메이커의 가장 큰 경쟁력이 되고 있다. 이와 같은 강력한 경쟁력을 앞세워 국내외 다양한 인공지능 학습용 데이터 가공 사업을 진행하고, 이를 통해 더욱 많은 노하우를 쌓아가며 국내 인공지능 학습용 데이터 산업의 새로운 강자로 자리매김했다. 특히 지난해 대전도시철도공사와 컨소시엄을 맺고 진행한 '지하철 역사 내 이상행동 감지 시스템 구축' 과제에서 우수한 성과를 이끌어내며, 전국에 있는 관련 기관으로부터 폭발적인 관심을 받고 있다. ㈜데이터메이커는 엄청난 양의 지하철 역사 내의 영상을 모두 확인하고 라벨링하여, 폭행, 절도, 심정지와 같은 이상행동을 스스로 감지하면 관제실에 경고 알람을 보내는 인공지능 시스템을 개발했다. 대전도시철도공사는 이같은 성과를 적극적으로 활용하기 위해 시청역에 실제 서비스를 구축하고 운용 중이다. 전국 철도 및 지하철 역사 중에서 이와 같은 인공지능 시스템을 운용하는 곳은 대전 지하철의 시청역이 유일하다. 불과 이삼년 전부터 본격적으로 불붙기 시작한 인공지능 기술은 빠르게 발전하고 점점 고도화되고 있다. 이에 맞춰서 인공지능 학습용 데이터의 수준 역시 덩달아 높아지고 있다. 단순한 라벨링 작업에서 벗어나, 섬세하고 전문화된 지식과 장비를 요구하고 있다. ㈜데이터메이커는 가나에 전문 데이터 센터를 설립하고 전문화된 인력을 양성하여 보다 Ground Truth에 초근접한 데이터를 확보할 수 있는 시스템을 구축하는데 집중하고 있다.국내의 데이터 라벨링 작업은 '크라우드 소싱'을 지향하며, 일반적으로 사용되고 있다. 크라우드 소싱은 다수의 외부 사람들을 온라인 웹 상에서 이용하는 작업이다. 내부인력으로는 작업량이 턱없이 부족하니 다수의 외부 인원들에게 데이터를 보내면, 각자의 집에서 라벨링 작업을 하고 비용을 받는 형식이다. 이는 한국형 뉴딜 전략을 추진하며, 일자리 창출의 효과까지 꾀하고 있는 정부의 정책과도 일맥상통한다. ㈜데이터메이커는 국내의 아웃소싱 작업을 통해 라벨링된 데이터를 1차로 확보하고. 이후 가나에 있는 값싸고 고도로 전문화된 인력을 통해 교차 검사를 추가로 진행하여, 데이터 라벨링의 정확도를 높였다. 제작 비용에 대한 가격경쟁력은 확보하고, 데이터의 품질은 극대화시킨 것이다.㈜데이터메이커는 이와 같은 경쟁력을 기반으로 대기업 및 정부/공공기관으로부터 누적 50억원(2020년 7월 기준) 규모의 라벨링 사업을 수주받아 진행했다. 또한 작년 8월에는 인공지능 학습용 데이터 구축사업 약 400억 원 규모의 과제(자율주행, CCTV, 영상 콘텐츠, 기계 센서, 한국어 방언, 반려동물 건강)에 참여하였으며, 동년 11월에는 일일 데이터 처리량 50만 개(바운딩 박스 기준)를 달성하고, 사업에 참여한 데이터 라벨러 10,000명을 돌파했다. 독보적인 가격경쟁력에 다양한 사업을 수주하며 쌓은 노하우가 더해지며, 더욱 높은 경쟁력으로 이어졌다. 사진= ㈜데이터메이커. 제공    2021년 데이터 라벨러 누적 지급액 15억 원을 돌파했고, 과학기술정보통신부 장관 표창으로 그 성과를 인정받았으며, '2021 데이터바우처 지원사업'에 공급기업으로 선정되었다. ㈜데이터메이커에 인공지능 학습용 데이터 구축사업을 신청하는 기업에는 7000만 원의 정부지원금이 주어진다. ㈜데이터메이커는 이와 같은 성과에 그치지 않고, 더욱 수준 높고 다양한 데이터 가공 서비스 사업을 적극 전개하고 있다. 고정밀 3D 라벨링 도구를 사용하여 모든 유형의 라이더(LiDAR)에 대해 '3D 포인트 클라우드 프레임' 전체의 객체를 시각화하고, 라벨링 및 추적하는 ""3D LiDAR Point Cloud"", 기존의 2D 형태에서 벗어난 진화된 형태로 x축, y축과 z축까지도 선형 라벨링을 할 수 있는 '3차원 폴리라인', 스마트 팩토리 분야에서 주로 획득하는 센서 데이터로 기록의 추세를 확인하고, 기계 고장 예측 모델링을 분석하여 고장의 가능성을 미리 경고하는 기술인 '기계신호 시계열 데이터' 등과 같은 고난도의 라벨링 기술이 가장 대표적이다.최근 인공지능은 여러 분야에서 적극 활용되고 있다. 데이터 라벨링의 기술 또한 다양하게 발전되고 있다. 얼굴인식, 유튜브 구간 추천, 지능형 CCTV, 영상의 하이라이트 구간 추천 등에 활용되는 비디오 어노테이션(Vided Annotation), 사진에 있는 모든 픽셀을 다양한 class로 분류하고, 모든 픽셀이 어느 class에 속하는지 라벨링하여 자율주행 자동차의 인공지능 학습에 필수적으로 사용되는 시맨틱 세그멘테이션(Semantic Segmentation) 등 상당히 난해하고 전문적인 기술 및 장비를 요하는 작업들이 점차 많아지고 있다. ㈜데이터메이커는 이와 같은 고난도의 데이터 라벨링 작업이 미래에는 더욱 세분화되고 많아질 것으로 예상하고, 가나를 비롯한 아프리카에서 인공지능 학습용 데이터 전문 센터를 확산할 계획을 세우고 있다. 이에녹 대표는 ""현재 국내에서는 고용창출의 효과를 극대화하기 위해 '크라우드 소싱'으로 간단한 라벨링 작업을 하고 있지만, 앞으로는 전문화된 장비와 인력이 필요한 시대가 곧 도래할 것이다. 이는 세계적인 추세다. 가장 적은 인건비와 영어를 공식 언어로 사용하는 가나와 주변의 아프리카 국가들이 데이터 라벨링을 위한 최고의 필드가 될 것이다""고 언급했다. 현재 인공지능 최대 시장인 미국에서는 주로 인도에서 데이터 라벨링 작업을 하고 있다. 저렴한 인건비에 영어를 사용하고, 그나마 인프라 구축이 쉬운 곳이 인도이기 때문이다. 가나는 인건비가 더욱 저렴하고, 국가 공식 언어가 영어일 정도로 모든 국민이 영어에 매우 능숙하다. 이에녹 대표는 20년간 가나에서 선교사로 활동한 부모님과 함께 오랫동안 가나에 머문 이력을 적극 활용하여, 가나를 최고의 데이터 라벨링 시장으로 키워나가겠다는 목표를 가지고 있다. 현재 가나의 데이터 랩에 상주하는 현지 전문 인력만 70명이고, 크라우드 라벨러로 활동 중인 인원은 수천 명이 넘는다. 이에녹 대표는 ㈜데이터메이커가 가진 가나의 인적/사회적 인프라를 더욱 극대화하여 미국 유럽 등의 해외 시장도 적극적으로 개척해 나갈 계획이다. 이 대표는 마지막으로 ""당사는 가나 외에 다른 아프리카 지역까지 시장을 개방하는 것을 목표로 하고 있다. 최근 아프리카의 인터넷망이 구축되면서 사업 영역을 확장할 수 있는 여건이 조성되고 있다. 우리가 먼저 이곳의 인프라를 선점하고 가나를 비롯한 아프리카의 일자리 창출, 우수한 인공지능 기술 개발에 기여하며, 함께 동반성장을 이루어 나갈 것이다""고 언급했다.정승훈기자 april24@dt.co.kr ▶[ 네이버 메인에서 디지털타임스 구독 ] / ▶[ 뉴스스탠드 구독 ]▶디지털타임스 홈페이지 바로가기"
"엠티콤, 보다 빠른 99% 품질의 패션 AI 학습용 데이터 구축",https://n.news.naver.com/mnews/article/029/0002637638?sid=101,"Thu, 19 Nov 2020 09:32:00 +0900","사진= 엠티콤 제공    인공지능(AI) 데이터 전문 기업 엠티콤이 과학기술정보통신부 및 한국정보화진흥원의 '인공지능(AI) 학습용 데이터 구축(2차)' 사업 중 '패션상품 및 착용 영상 AI데이터 구축' 과제에 선정됐다.이는 한국전자통신연구원(ETRI)이 주관하는 컨소시엄 사업으로, 엠티콤은 트랜쇼와 함께 참여기업으로서 각각의 역할분담을 통한 최적의 컨소시엄을 구성한다.본 사업의 목표는 의류 쇼핑몰 운영에 필수적인 의상 모델컷을 스튜디오 임대비나, 모델비를 들이지 않고 생성할 수 있도록 하는 개발을 위한 인공지능 학습용 데이터셋을 구축하는 것이다. 지금까지 쇼핑몰, 인스타그램 등 온라인에서 의류를 판매하는 사업자는 스튜디오에서 모델을 불러 착용컷을 촬영한 뒤, 판매용 사진을 게재해야 했다. 하지만 패션상품 착용 영상 자동생성 기술이 개발되면 스튜디오 임대나 모델을 부르지 않고, 필요 정보를 입력하는 것만으로도 영상을 자동으로 생성할 수 있게 된다.이 외에도 본 사업에서 구축되는 데이터를 활용하면 다양한 패션 상품에 대한 특징점과 영역, 패션 모델에 대한 특징점과 영역을 추출하기 때문에 패션 영상에 특화된 자세 분석, 영역 검출 인공지능 기술, 패션상품 신규 디자인 자동 생성 기술, 패션 상품 검색 기술 등 다양한 인공지능 학습용 데이터로 활용될 수 있다.하지만 400만여 장의 원천 데이터 작업을 100% 크라우드 소싱 작업자들 만으로 진행할 경우, 대규모 작업을 운용해도 짧은 기간 안에 모두 소화하기 어렵다는 문제가 있다. 또한 작업자의 실력과 데이터 품질이 비례하는 어노테이션 작업 특성상, 어노테이션 난이도가 높은 이번 작업은 크라우드 소싱 작업자 이상의 처리 능력을 요구한다.이에 엠티콤은 일정 단축 및 품질 확보를 위해 인공지능 알고리즘을 활용한 전처리 기능 적용이 반드시 필요하다고 말한다. 엠티콤은 인공지능 알고리즘을 활용한 전처리 기능 적용으로 작업 난이도를 낮추고, 작업시간 단축까지 일거양득을 취했다.엠티콤의 고블린을 활용하면 모델의 관절에 점을 찍는 Keypoint Annotation, 옷과 인체의 영역을 의미대로 나누는 Semantic Segmentation 등 난이도 높은 가공 작업이 가능하다. 또한 데이터 고블린은 패션에 특화된 인공지능 어노테이션 템플릿과 GOBLIN-AI 오토 라벨링 기술이 반영돼 있으므로, 고난이도 패션 데이터 구축 일정 단축이 가능하다. 뿐만 아니라 어노테이터, 크라우드 검수자, 전문 검수 인력이 함께하는 3단계 검수 시스템으로 99% 품질 기준 완수를 실현한다.한국전자통신연구원 관계자는 ""'패션상품 및 착용 영상 AI데이터 구축' 과제는 단순 box 형태의 쉬운 데이터 가공 작업이 아닌, 총 400만 장의 고난이도 데이터 가공 작업을 3개월 내 99% 품질로 완료해야 하는 어려운 과제이므로 자동 레이블링 작업이 필수""라고 평했다.이어 ""엠티콤은 데이터 가공 시장에서 비교적 후발 주자지만, 자사의 데이터 고블린이라는 크라우드 소싱 데이터 가공 플랫폼에 pre-built 된 AI 모델을 적용해 크라우드 작업자들에게 AI 전처리된 결과를 제공하고 있어 짧은 기간 내 데이터 편향이 없는 대규모 신뢰도 높은 데이터세트를 구축하는 데 적합한 기술력을 가졌다""며 엠티콤 선정이유를 밝혔다.본 과제를 통해 개발될 자동 영상생성 기술은 상품화 과정에서 필요한 패션상품 스튜디오 촬영을 자동화할 수 있어 중소기업과 소상공인, 1인 미디어 등 최근 활발해진 패션 커머스 플랫폼을 활용하는 사용자들이 손쉽게 활용할 수 있다.엠티콤 관계자는 ""단지 '쓸 만한' 학습 데이터 수준을 넘어 보다 효율적인 데이터 가공에 대한 끊임없는 고민을 통해 고품질의 학습데이터 구축에 힘쓸 것""이라고 전했다.이미정기자 lmj0919@dt.co.kr 디지털타임스 채널 구독 / 뉴스스탠드 구독디지털타임스 홈페이지 바로가기"
"인라이플-세종대, 국제 의류 검색 대회 네이버에 이어 2등 달성",https://n.news.naver.com/mnews/article/008/0004399936?sid=102,"Fri, 24 Apr 2020 17:52:00 +0900","			[머니투데이 오세중 기자]  사진=세종대 제공인공지능 소프트웨어 개발업체 인라이플와 세종대학교 인공지능융합연구센터 연구팀은 지난 4월10일 세계 최대 인공지능 컨퍼런스(CVPR)의 의류 검색 대회에서 글로벌 순위 5위, 국내 순위 2위를 차지했다고 24일 밝혔다.세종대에 따르면 이 행사는 전기전자공학회(IEEE)와 컴퓨터비전재단(CVF)이 공동으로 주최했다.의류 검색은 이미지를 보고 동일한 상품을 찾아주는 서비스로 이를 응용하면 자신이 원하는 상품을 문자로 검색하지 않고 카메라 등으로 사진을 찍어 바로 찾아볼 수 있다.이번 대회엔 알리바바(1위)와 네이버(2위) 등 글로벌 대기업이 참여해 큰 관심을 모았다. 특히 장비와 데이터, 인력 모두 다른 대기업보다 열악했던 인라이플과 세종대 연구팀이 좋은 성적을 거둬 눈길을 끌었다. 이 대회는 특징 추출 기술(Feature Extraction), 물체인식 기술(Object Detection), 배경과 전경을 분리하는 기술(Semantic Segmentation), 의류 윤곽의 주요 포인트를 인식하는 기술(Fashion Landmark Detection) 등 다양한 기술이 필요하기 때문에 대회에 출품 자체만으로도 의미가 크다는 평가가 나온다.국제대회에 나가기 위해선 주최측에서 제공하는 데이터 이외에 비슷한 유형의 데이터를 추가로 학습해 성능을 높이는 것이 중요한데, 이 부분이 쉽지 않다는 게 연구팀의 설명이다.무엇보다 패션 데이터는 개인정보보호 뿐만 아니라 저작권 문제가 있기 때문에 쉽게 구하기 어려운 데이터란 한계가 있다. 또, 원본 데이터를 구해도 학습을 위한 데이터로 만들기 위해 거쳐야 할 처리 작업에 많은 시간과 비용이 발생한다.연구를 주도한 황문기 인라이플 인공지능연구소장(서강대 경제대학원 인공지능경제 겸임교수)은 ""이번 대회를 통해 국내 중소기업도 국제 무대에서 활약할 수 있다는 가능성을 확인했다""면서도 ""글로벌 기업 간 기술 격차는 분명히 존재한다""고 설명했다.그러면서 ""실질적인 인공지능 기술 격차를 줄이기 위해선 중소기업의 참여와 노력도 중요하지만, 중소기업이 활용할 수 있는 데이터 및 자원 등을 지원해주는 정부 정책이 필수적이다""고 강조했다. 오세중 기자 danoh@mt.co.kr▶줄리아 투자노트▶조 변호사의 가정상담소 ▶머니투데이 구독하기 <저작권자 ⓒ '돈이 보이는 리얼타임 뉴스' 머니투데이, 무단전재 및 재배포 금지>		"
"인라이플-세종대, 국제 의류 검색 대회 글로벌 5위 달성",https://n.news.naver.com/mnews/article/468/0000650052?sid=103,"Mon, 20 Apr 2020 14:09:00 +0900","			[스포츠서울 김수지기자] 인라이플(대표 한경훈)과 세종대학교(총장 배덕효) 인공지능융합연구센터 연구팀이 공동으로 지난 4월 10일 전기전자공학회(IEEE, Institute of Electrical and Electronics Engineers)와 컴퓨터 비전 재단(CVF, Computer Vision Foundation)이 공동으로 주최하는 세계 최대 인공지능 컨퍼런스 CVPR(Computer Vision and Pattern Recognition)의 대회 Deep Fashion 2 Challenge 2020 Track 2인 의류 검색에 글로벌 순위 5위, 국내 순위 2위를 달성했다고 20일 밝혔다.  의류 검색은 이미지를 보고 동일한 상품을 찾는 서비스로 의류 검색을 응용하여 서비스 이용자가 자신이 원하는 상품을 검색하기 위해 글이 아닌 카메라나 스크린샷으로 찍어 원하는 상품을 바로 찾아 주기 때문에 편의성을 높이고 의류 외 다양한 분야로 확장 가능한 매우 유용한 서비스다.   Deep Fashion 2 Challenge 2020 Track 2 대회는 특징 추출 기술(Feature Extraction), 물체 인식 기술(Object Detection), 배경과 전경을 분리하는 기술(Semantic Segmentation), 의류 윤곽의 주요 포인트를 인식하는 기술(Fashion Landmark Detection) 등 다양한 기술이 필요하므로 출품 자체만으로도 의미가 큰 대회이다.이번 대회에서는 알리바바(1위), 네이버(2위) 등의 대기업이 참여한 가운데 인라이플과 세종대 연구팀은 장비, 데이터, 인력 모두 대기업과 비교하여 훨씬 적은 자원으로 얻어낸 결과이기 때문에 의미가 있고 밝혔다. 국제대회는 대회 출품을 위해 대회에서 제공하는 데이터 이외에 비슷한 유형의 데이터를 추가로 학습하여 성능을 높이는 것이 일반적인데 이 부분이 쉽지 않다는 것이 연구팀의 설명이다.   특히 패션 데이터는 개인정보보호뿐만 아니라 저작권 문제가 있기 때문에 쉽게 구하기 어려운 데이터이고 원본 데이터를 구해도 학습을 위한 데이터로 만들기 위해 거쳐야 할 처리 작업에 많은 시간과 비용이 발생한다.  연구를 주도한 인라이플 황문기 인공지능연구소장(서강대 경제대학원 인공지능경제 겸임교수)은 “이번 대회를 통해 국내 중소기업도 국제무대에서 활약할 수 있다는 것을 보여주었지만 글로벌 기업 간 격차는 분명히 존재한다.”라며 “실질적인 인공지능 기술 격차를 줄이기 위해서는 중소기업의 참여와 노력도 중요하지만, 중소기업이 활용할 수 있는 데이터 및 자원 등의 자원 마련이 우선 되어야 한다.”라고 말했다.이어 “향후 데이터 확보 및 인력 확보를 통해 글로벌 기업과 기술과 규모 모두에서 나란히 경쟁할 수 있도록 실력을 쌓아 나갈 예정이다”라고 밝혔다. 인라이플에서 대회 모델로 구성한 이미지 검색 서비스 데모 페이지 l이미지sjsj1129@sportsseoul.com[기사제보 news@sportsseoul.com]  Copyright ⓒ 스포츠서울&sportsseoul.com"
"데이터 메이커, CES 2020 참가… 글로벌 인공지능 데이터 시장 진출",https://n.news.naver.com/mnews/article/396/0000535657?sid=105,"Tue, 31 Dec 2019 14:15:00 +0900","   [정희원 기자] 알디프로젝트가 내년 초 미국 라스베이거스에서 열리는 CES(국제가전박람회) 2020 참가를 시작으로 글로벌 시장 진출에 박차를 가한다.    이 회사는 아프리카 가나와 대한민국에서 인공지능 학습을 위한 데이터를 수집하고 가공하는 ‘데이터메이커(datamaker)’ 플랫폼을 CES 2020에서 선보이고, 글로벌 시장을 적극 공략한다는 포부다.    알디프로젝트는 크라우드소싱으로 해결하는 다른 데이터 가공 플랫폼과 달리 데이터 유출과 반출을 원천적으로 차단하는 보안 시스템을 구축했다. 작업자들은 통제된 데이터 랩에서 제공된 디바이스로만 작업을 수행해야 하며, 데이터 유출을 차단하는 S/W도 개발했다.    알디프로젝트 측은 ”데이터메이커는 엄격한 품질 관리도 진행한다”며 “기본적으로 각 고객사마다 배정된 프로젝트 매니저의 철저한 관리 하에 진행되며, 수준 높은 퀄리티를 위해 작업자 선발 과정을 거친다”고 소개했다.     이어 “대한민국 데이터 랩에서는 약 2시간에 걸친 작업자 선발 테스트를 진행하며, 아프리카 가나 데이터 랩에서는 무려 이틀 동안 3번의 테스트를 통과해야 한다”며 “이를 통과한 우수 인원에게만 가공 업무를 수행할 수 있는 자격을 부여하고 소수 정예로 선발된 인원들은 각 프로젝트에 투입한 뒤 추가적으로 집중 교육을 실시한다”고 덧붙였다.     데이터메이커는 인공지능 개발사에서 동일한 가공 예산 대비 고품질의 데이터를 가장 많이 회수할 수 있는 플랫폼으로, 세계적인 가격 경쟁력까지 갖췄다. 특히 컴퓨터 비전 분야에서 가장 고난이도 분야인 ‘시맨틱 세그멘테이션(Semantic Segmentation)’의 품질은 세계적으로 인정받고 있다.    무엇보다 대중에게 데이터가 공개되는 보안 문제로 크라우드소싱 방식으로 진행되는 플랫폼에 맡기지 못하는 인공지능 개발사에서 각광받고 있다. 데이터메이커를 통해 가공된 데이터는 약 30개의 연구 개발 스타트업, KAIST 등의 대학 및 연구기관에 폭넓게 활용되고 있다.     이민주 알디프로젝트 이사는 “AI 데이터 가공 시장에서 가장 중요한 것은 우수한 품질, 많은 학습량, 강력한 보안”이라며 “데이터메이커는 세계적인 데이터 가공 품질 경쟁력, 가격 경쟁력을 갖추고 있다”고 강조했다.     이어 “알디프로젝트는 CES2020, 4YFN 참가를 시작으로 2020년에는 데이터메이커의 글로벌 시장에 데이터메이커를 선보일 예정”이라며 “비즈니스 미팅, 임팩트 펀드 투자사 미팅 등을 진행할 좋은 기회”라고 덧붙였다.    happy1@segye.com"
"현대차 정몽구 재단, SCI급 논문 제1저자 장학생 11명 배출",https://n.news.naver.com/mnews/article/009/0004492104?sid=103,"Tue, 31 Dec 2019 13:00:00 +0900","‘온드림 글로벌 우수 장학생 시상식’에서 수상한 장학생들이 기념촬영을 하고 있다 [사진제공=현대차 정몽구 재단] 현대자동차 정몽구 재단이 지원 중인 장학생 11명이 과학기술논문 인용색인(SCI)급 국제 저명 학술지에 제1저자로 논문을 게재하는 성과를 냈다.이들은 현대차 정몽구 재단의 지원을 받는 ‘온드림 미래산업 인재 장학생’들로서  지능정보기술, 바이오헬스, 에너지신산업 등 미래 혁신 성장의 핵심 분야를 연구하고 있는 대학원생들이다. 30일 현대차 정몽구 재단은 ‘온드림 글로벌 우수 장학생’ 시상식을 열고 상패와 함께 각 300만원의 특별 포상금을 지급했다. SCI급 논문은 미국의 통계회사 ‘클래리베이트 애널리틱스’가 구축한 국제학술논문 데이터베이스에 등재된 학술지에 게재된 논문을 뜻한다.매년 전 세계에서 출판되는 과학 분야 학술지를 대상으로 엄격한 기준과 전문가의 심사를 거쳐 등록 학술지를 결정하기 때문에 세계적인 권위를 지니고 있으며, 이 학술지들에 제1저자로 논문을 발표하는 것은 해당 분야 연구의 매우 큰 쾌거인 것으로 평가된다. SCI 등록 대표 학술지로는 네이처, 사이언스 등이 알려져 있다. 올해 11명의 현대차 정몽구 재단 장학생인 이성묵(연세대 물리학 석박사통합과정), 장재혁(포항공대 화학공학 석박사통합과정), 김효정(연세대 대기과학 박사과정), 류강현(연세대 전기전자공학 석박사통합), 김재선(아주대 컴퓨터비전 석사과정), 박소현(고려대 유기화학 석박사통합), 박진호(서울대 생물물리학 박사과정), 배용균(연세대 기계공학 박사과정), 심예진(서울대 식물생산과학부 박사과정), 정지은(서울대 바이오엔지니어링 석사과정), 조성헌(세종대 환경에너지융합 박사과정)이 제1저자로 SCI급 논문을 발표했다. 구체적으로 지능정보기술 분야에서는 아주대 전자공학과 석사과정에 재학 중인 김재선 장학생이 논문을 게재했다. 김재선 장학생은 ‘공간-채널 합성곱을 이용한 효율적인 의미론적 영상 분할(Efficient Semantic Segmentation Using Spatio-Channel  Dilated Convolutions)’ 논문을 국제학술지 ‘국제전기전자기술자협회 엑세스(IEEE Access), 논문영향력지수 : 4.098)’에 게재했다.바이오헬스 분야에서는 서울대 바이오엔지니어링 전공 석사과정에 재학 중인 정지은 장학생이 논문을 게재했다. 정지은 장학생은 ‘자가 면역 질환 內 비코딩 영역 질환 유발 변이체의 기능적 분석(Functional annotation of noncoding causal variants in autoimmune diseases)’ 논문을 국제학술지 ‘유전체학(Genomics), 논문영향력지수 : 3.160)에 게재했다.에너지신산업 분야에서는 세종대 환경에너지융합학과 박사과정에 재학 중인 조성헌 장학생이 논문을 게재했다. 조성헌 장학생은 ‘수소 생산을 위한 이산화탄소 주입 및 니켈 촉매 기반 소나무 톱밥의 열분해 연구 (Carbon dioxide-cofeeding pyrolysis of pine sawdust over nickle-based catalyst for hydrogen production)’ 논문을 국제학술지 ‘에너지 변환 및 관리(Energy Conversion and Management, 논문영향력지수 : 7.181)’에 게재했다.이외에도 8명의 학생들이 각자의 분야에서 세계적 권위를 자랑하는 국제 학술지에 제1저자로 논문을 게재하는 성과를 내었다.현대차 정몽구 재단은 우리나라 혁신성장의 핵심 분야인 지능정보기술, 바이오헬스, 에너지신산업 분야의 미래인재를 육성하기 위해 연 20억원 규모의 ‘온드림 미래산업 인재 장학사업’을 개편하고 매년 170여명의 대학생 및 대학원생을 지원하고 있다. 선발된 장학생들에게는 매 학기 등록금 전액과 함께, 학생들이 생활비 걱정에서 벗어나 학업에만 집중할 수 있도록 돕는 학습지원비가 별도로 전달된다.기본적인 장학금과 학습지원비 외에도 장학생이 해외 학술대회 발표 시 참가경비를 지원하고, 해외 우수 대학 및 연구기관 진출 시 체재비를 지원한다. 뿐만 아니라 ‘글로벌 우수 장학생’ 제도를 두고 SCI급 해외 주요 학술지 논문 게재 시 별도의 포상제도를 운영한다.재단은 이처럼 학생들이 학업 과정에서 발생하는 경제적 부담을 최소화시키는 적극적인 장학 지원을 통해 장학생들의 연구 집중도를 크게 끌어 올릴 수 있을 것으로 기대하고 있다. 재정적 지원뿐만 아니라, 학생들이 본인의 연구 성과를 발표하고 토론하는 ‘온드림 대학(원)생 학술세미나’, 장학생 간 네트워킹의 기회가 되는 ‘온드림 장학생 여름캠프’, 장학생 기자단 ‘온드림 프렌즈’ 운영 등 단순한 장학금 지원을 넘어서 장학생의 성장을 돕는 다양한 성장 프로그램을 함께 제공하고 있다.권오규 현대차 정몽구 재단 이사장은 “국제적 학업성과를 보이는 장학생들이 매년 늘고 있어 장학사업을 꾸준히 해 온 보람을 느낀다”면서 “장학생 모두가 우리나라뿐만 아니라 인류사회에 도움을 주는 훌륭한 인재로 성장해 주길 바란다”고 말했다.  현대차 정몽구 재단은 2007년 정몽구 현대차그룹 회장의 사재 출연으로 설립된 재단으로, 설립자의 사회공헌 철학을 기반으로 꿈과 희망의 사다리 역할을 위해 ‘온드림’ 이라는 브랜드로 미래인재 양성, 소외계층 지원, 문화예술 진흥 분야에서 다양하고 특화된 활동을 펼치고 있다.[디지털뉴스국 박소현 객원기자]▶기사공유하고 코인적립하세요 'M코인'▶네이버 메인에서 '매일경제'를 받아보세요 ▶뉴스레터 '매콤달콤' 구독[ⓒ 매일경제 & mk.co.kr, 무단전재 및 재배포 금지]		"
"현대차 정몽구 재단, SCI급 논문 제1저자 장학생11명 배출",https://n.news.naver.com/mnews/article/076/0003514583?sid=101,"Tue, 31 Dec 2019 10:09:00 +0900","현대차 정몽구 재단이 지원 중인 장학생 11명이 SCI(과학기술논문 인용색인)급 국제 저명 학술지에 제1저자로 논문을 게재하는 성과를 냈다. 재단은 이에 대한 포상을 위해 12월 30일 현대차 정몽구 재단 대회의실에서 해외 성과를 보인 장학생들에게 포상하는 '온드림 글로벌 우수 장학생' 시상식을 진행하고, 상패 및 각 300만원의 특별 포상금을 지급했다. 이 장학생들은 현대차 정몽구 재단의 지원을 받는 '온드림 미래산업 인재 장학생'들로서  지능정보기술, 바이오헬스, 에너지신산업 등 미래 혁신 성장의 핵심 분야를 연구하고 있는 대학원생들이다. 'SCI급 논문'은 미국의 통계회사 '클래리베이트 애널리틱스'가 구축한 국제학술논문 데이터베이스에 등재된 학술지에 게재된 논문을 뜻한다. 매년 전 세계에서 출판되는 과학 분야 학술지를 대상으로 엄격한 기준과 전문가의 심사를 거쳐 등록 학술지를 결정하기 때문에 세계적인 권위를 지니고 있으며, 이 학술지들에 제1저자로 논문을 발표하는 것은 해당 분야 연구의 매우 큰 쾌거인 것으로 알려져 있다. 이름이 익숙한 '네이처', '사이언스' 등이 SCI에 등록된 대표 학술지들이다. 올해 제1저자로 SCI급 논문을 발표한 이성묵(연세대 물리학 석박사통합과정), 장재혁(포항공대 화학공학 석박사통합과정), 김효정(연세대 대기과학 박사과정), 류강현(연세대 전기전자공학 석박사통합), 김재선(아주대 컴퓨터비전 석사과정), 박소현(고려대 유기화학 석박사통합), 박진호(서울대 생물물리학 박사과정), 배용균(연세대 기계공학 박사과정), 심예진(서울대 식물생산과학부 박사과정), 정지은(서울대 바이오엔지니어링 석사과정), 조성헌(세종대 환경에너지융합 박사과정) 이상 11명의 현대차 정몽구 재단 장학생들은 그 연구 분야가 매우 다양하고, 게재된 학술지들도 모두 높은 권위를 자랑하는 저명한 학술지들이다. 주요 성과를 보면, 지능정보기술 분야에서는 아주대 전자공학과 석사과정에 재학 중인 김재선 장학생이 논문을 게재했다. 김재선 장학생은 '공간-채널 합성곱을 이용한 효율적인 의미론적 영상 분할(Efficient Semantic Segmentation Using Spatio-Channel  Dilated Convolutions)' 논문을 국제학술지 '국제전기전자기술자협회 엑세스(IEEE Access), 논문영향력지수: 4.098)'에 게재했다. 바이오헬스 분야에서는 서울대 바이오엔지니어링 전공 석사과정에 재학 중인 정지은 장학생이 논문을 게재했다. 정지은 장학생은 '자가 면역 질환 內 비코딩 영역 질환 유발 변이체의 기능적 분석(Functional annotation of noncoding causal variants in autoimmune diseases)' 논문을 국제학술지 '유전체학(Genomics), 논문영향력지수 : 3.160)에 게재했다. 에너지신산업 분야에서는 세종대 환경에너지융합학과 박사과정에 재학 중인 조성헌 장학생이 논문을 게재했다. 조성헌 장학생은 '수소 생산을 위한 이산화탄소 주입 및 니켈 촉매 기반 소나무 톱밥의 열분해 연구 (Carbon dioxide-cofeeding pyrolysis of pine sawdust over nickle-based catalyst for hydrogen production)' 논문을 국제학술지 '에너지 변환 및 관리(Energy Conversion and Management, 논문영향력지수 : 7.181)'에 게재했다.이외에도 8명의 학생들이 각자의 분야에서 세계적 권위를 자랑하는 국제 학술지에 제1저자로 논문을 게재하는 성과를 내었다. 현대차 정몽구 재단은 우리나라 혁신성장의 핵심 분야인 지능정보기술, 바이오헬스, 에너지신산업 분야의 미래인재를 육성하기 위해 年 20억원 규모의  '온드림 미래산업 인재 장학사업'을 개편하고 매년 170여명의 대학생 및 대학원생을 지원하고 있다. 선발된 장학생들에게는 매 학기 등록금 전액과 함께, 학생들이 생활비 걱정에서 벗어나 학업에만 집중할 수 있도록 돕는 학습지원비가 별도로 지급된다. 기본적인 장학금과 학습지원비 외에도 장학생이 해외 학술대회 발표 시 참가경비를 지원하고, 해외 우수 대학 및 연구기관 진출 시 체재비를 지원한다. 뿐만 아니라 '글로벌 우수 장학생' 제도를 두고 SCI급 해외 주요 학술지 논문 게재 시 별도의 포상제도를 운영한다. 재단은 이처럼 학생들이 학업 과정에서 발생하는 경제적 부담을 최소화시키는 적극적인 장학 지원을 통해 장학생들의 연구 집중도를 크게 끌어 올릴 수 있을 것으로 기대하고 있다.  재정적 지원뿐만 아니라, 학생들이 본인의 연구 성과를 발표하고 토론하는 '온드림 대학(원)생 학술세미나', 장학생 간 네트워킹의 기회가 되는 '온드림 장학생 여름캠프', 장학생 기자단 '온드림 프렌즈' 운영 등 단순한 장학금 지원을 넘어서 장학생의 성장을 돕는 다양한 성장 프로그램을 함께 제공하고 있다. 권오규 현대차 정몽구 재단 이사장은 ""국제적 학업성과를 보이는 장학생들이 매년 늘고 있어 장학사업을 꾸준히 해 온 보람을 느낀다""면서 ""장학생 모두가 우리나라뿐만 아니라 인류사회에 도움을 주는 훌륭한 인재로 성장해 주길 바란다""고 말했다.  현대차 정몽구 재단은 2007년 정몽구 현대자동차그룹 회장의 사재 출연으로 설립된 재단으로, 설립자의 사회공헌 철학을 기반으로 꿈과 희망의 사다리 역할을 위해 '온드림' 이라는 브랜드로 미래인재 양성, 소외계층 지원, 문화예술 진흥 분야에서 다양하고 특화된 활동을 펼치고 있다.이정혁 기자 jjangga@sportschosun.com▶2020 신년운세 보러가기▶눈으로 보는 동영상 뉴스 핫템- Copyrightsⓒ 스포츠조선(http://sports.chosun.com/), 무단 전재 및 재배포 금지		"
"현대차 정몽구 재단, SCI급 논문 제1저자 장학생 11명 배출",https://n.news.naver.com/mnews/article/003/0009632165?sid=101,"Tue, 31 Dec 2019 09:35:00 +0900","[서울=뉴시스]30일 '온드림 글로벌 우수 장학생 시상식'에서 수상한 장학생들이 기념촬영을 하고 있다. 2019.12.31 (사진 = 현대차 정몽구 재단 제공) photo@newsis.com[서울=뉴시스] 이종희 기자 = 현대차 정몽구 재단이 지원 중인 장학생 11명이 SCI(과학기술논문 인용색인)급 국제 저명 학술지에 제1저자로 논문을 게재하는 성과를 냈다.재단은 이에 대한 포상을 위해 30일 현대차 정몽구 재단 대회의실에서 해외 성과를 보인 장학생들에게 포상하는 '온드림 글로벌 우수 장학생' 시상식을 진행하고, 상패 및 각 300만원의 특별 포상금을 지급했다. 이 장학생들은 현대차 정몽구 재단의 지원을 받는 '온드림 미래산업 인재 장학생'들로서 지능정보기술, 바이오헬스, 에너지신산업 등 미래 혁신 성장의 핵심 분야를 연구하고 있는 대학원생들이다.'SCI급 논문'은 미국의 통계회사 '클래리베이트 애널리틱스'가 구축한 국제학술논문 데이터베이스에 등재된 학술지에 게재된 논문을 뜻한다.매년 전 세계에서 출판되는 과학 분야 학술지를 대상으로 엄격한 기준과 전문가의 심사를 거쳐 등록 학술지를 결정하기 때문에 세계적인 권위를 지니고 있으며, 이 학술지들에 제1저자로 논문을 발표하는 것은 해당 분야 연구의 매우 큰 쾌거인 것으로 알려져 있다. 이름이 익숙한 ‘네이처’, ‘사이언스’ 등이 SCI에 등록된 대표 학술지들이다.올해 제1저자로 SCI급 논문을 발표한 이성묵(연세대 물리학 석박사통합과정), 장재혁(포항공대 화학공학 석박사통합과정), 김효정(연세대 대기과학 박사과정), 류강현(연세대 전기전자공학 석박사통합), 김재선(아주대 컴퓨터비전 석사과정), 박소현(고려대 유기화학 석박사통합), 박진호(서울대 생물물리학 박사과정), 배용균(연세대 기계공학 박사과정), 심예진(서울대 식물생산과학부 박사과정), 정지은(서울대 바이오엔지니어링 석사과정), 조성헌(세종대 환경에너지융합 박사과정) 이상 11명의 현대차 정몽구 재단 장학생들은 그 연구 분야가 매우 다양하고, 게재된 학술지들도 모두 높은 권위를 자랑하는 저명한 학술지들이다.주요 성과를 보면, 지능정보기술 분야에서는 아주대 전자공학과 석사과정에 재학 중인 김재선 장학생이 논문을 게재했다. 김재선 장학생은 ‘공간-채널 합성곱을 이용한 효율적인 의미론적 영상 분할(Efficient Semantic Segmentation Using Spatio-Channel Dilated Convolutions)’ 논문을 국제학술지 ‘국제전기전자기술자협회 엑세스(IEEE Access), 논문영향력지수: 4.098)’에 게재했다.바이오헬스 분야에서는 서울대 바이오엔지니어링 전공 석사과정에 재학 중인 정지은 장학생이 논문을 게재했다. 정지은 장학생은 ‘자가 면역 질환 內 비코딩 영역 질환 유발 변이체의 기능적 분석(Functional annotation of noncoding causal variants in autoimmune diseases)’ 논문을 국제학술지 ‘유전체학(Genomics), 논문영향력지수 : 3.160)에 게재했다.에너지신산업 분야에서는 세종대 환경에너지융합학과 박사과정에 재학 중인 조성헌 장학생이 논문을 게재했다. 조성헌 장학생은 ‘수소 생산을 위한 이산화탄소 주입 및 니켈 촉매 기반 소나무 톱밥의 열분해 연구 (Carbon dioxide-cofeeding pyrolysis of pine sawdust over nickle-based catalyst for hydrogen production)’ 논문을 국제학술지 ‘에너지 변환 및 관리(Energy Conversion and Management, 논문영향력지수 : 7.181)’에 게재했다.이외에도 8명의 학생들이 각자의 분야에서 세계적 권위를 자랑하는 국제 학술지에 제1저자로 논문을 게재하는 성과를 내었다.현대차 정몽구 재단은 우리나라 혁신성장의 핵심 분야인 지능정보기술, 바이오헬스, 에너지신산업 분야의 미래인재를 육성하기 위해 연간 20억원 규모의 ‘온드림 미래산업 인재 장학사업’을 개편하고 매년 170여명의 대학생 및 대학원생을 지원하고 있다.선발된 장학생들에게는 매 학기 등록금 전액과 함께, 학생들이 생활비 걱정에서 벗어나 학업에만 집중할 수 있도록 돕는 학습지원비가 별도로 지급된다.기본적인 장학금과 학습지원비 외에도 장학생이 해외 학술대회 발표 시 참가경비를 지원하고, 해외 우수 대학 및 연구기관 진출 시 체재비를 지원한다. 뿐만 아니라 ‘글로벌 우수 장학생’ 제도를 두고 SCI급 해외 주요 학술지 논문 게재 시 별도의 포상제도를 운영한다.재단은 이처럼 학생들이 학업 과정에서 발생하는 경제적 부담을 최소화시키는 적극적인 장학 지원을 통해 장학생들의 연구 집중도를 크게 끌어 올릴 수 있을 것으로 기대하고 있다. 재정적 지원뿐만 아니라, 학생들이 본인의 연구 성과를 발표하고 토론하는 ‘온드림 대학(원)생 학술세미나’, 장학생 간 네트워킹의 기회가 되는 ‘온드림 장학생 여름캠프’, 장학생 기자단 ‘온드림 프렌즈’ 운영 등 단순한 장학금 지원을 넘어서 장학생의 성장을 돕는 다양한 성장 프로그램을 함께 제공하고 있다.권오규 현대차 정몽구 재단 이사장은 ""국제적 학업성과를 보이는 장학생들이 매년 늘고 있어 장학사업을 꾸준히 해 온 보람을 느낀다""면서 ""장학생 모두가 우리나라뿐만 아니라 인류사회에 도움을 주는 훌륭한 인재로 성장해 주길 바란다""고 말했다. 현대차 정몽구 재단은 2007년 정몽구 현대자동차그룹 회장의 사재 출연으로 설립된 재단으로, 설립자의 사회공헌 철학을 기반으로 꿈과 희망의 사다리 역할을 위해 ‘온드림’ 이라는 브랜드로 미래인재 양성, 소외계층 지원, 문화예술 진흥 분야에서 다양하고 특화된 활동을 펼치고 있다.☞공감언론 뉴시스 2papers@newsis.com▶ K-Artprice 모바일 오픈! 미술작품 가격을 공개합니다▶ 뉴시스 채널 구독하고 에어팟 프로 받아가세요▶ 뉴시스 빅데이터 MSI 주가시세표 바로가기 <저작권자ⓒ 공감언론 뉴시스통신사. 무단전재-재배포 금지.>		"
제약바이오협회 '인공지능(AI) 활용 신약개발 전문가 양성 교육과정' 개설,https://n.news.naver.com/mnews/article/076/0003474321?sid=102,"Sun, 29 Sep 2019 13:10:00 +0900","			한국제약바이오협회 인공지능신약개발지원센터는 제약바이오기업 및 유관기관 종사자를 대상으로 '인공지능(AI) 활용 신약개발 전문가 양성 교육과정'을 개설했다.교육생 모집기간은 10월 8일까지이며, 총 30명을 선발할 예정이다.이번 전문교육과정은 신약개발 패러다임 변화에 따른 전문가를 양성하고자 기획했다. 이를 위해 수강생들에게 최신 이론 교육과 함께 실습을 제공, 비전문가들도 단 기간 내에 관련 지식을 습득할 수 있도록 다양한 프로그램을 마련했다.교육은 ▲딥러닝 개요 ▲머신러닝 ▲신경망기초 ▲컨볼루션 신경망(CNN) ▲순환신경망(RNN) ▲객체검출(Object detection) ▲시맨틱분할(Semantic Segmentation) ▲지도탐색&세그먼트 ▲생성모델(GAN) 등의 과목으로 진행된다.센터 관계자는 ""이번 전문교육과정은 실습을 통해 몸소 경험함으로써 현업에 돌아가 향후 IT 전문가들과 협업할 수 있도록 고안했다""며 ""인공지능 활용 신약개발 분야의 최근 동향을 파악하고 실무역량을 강화하는 좋은 기회가 될 것""이라고 전했다.장종호 기자 bellho@sportschosun.com▶사주로 알아보는 내 운명의 상대▶눈으로 보는 동영상 뉴스 핫템- Copyrightsⓒ 스포츠조선(http://sports.chosun.com/), 무단 전재 및 재배포 금지		"
"""3D프린팅·AI, 의료산업 패러다임 바꿀 수 있다""",https://n.news.naver.com/mnews/article/092/0002154791?sid=105,"Mon, 21 Jan 2019 10:21:00 +0900","			[인터뷰] 김남국 서울아산병원 융합의학과 교수(지디넷코리아=김승민 기자)국내 최대 병상 규모를 갖춘 의료기관 서울아산병원에서 3D프린팅과 인공지능(AI)을 활용한 의료 혁신에 앞장서는 인물이 있다. 그는 국내 디지털 헬스케어 산업 활성화를 위해 3D프린팅 기반 의료 기술 관련 가이드라인 제정 작업에도 참여했다.이미 10여년 전부터 의료영역에 정보통신기술(ICT) 도입 필요성을 강조해 온 김남국 서울아산병원 융합의학과 교수가 바로 그 주인공이다. 그는 3D프린팅, AI 같은 신기술이 의료 패러다임을 바꿀 수 있다고 보고 있다.김 교수는 “3D프린팅은 의료산업의 한계를 극복할 수 있는 기술”이라며 “AI는 매우 혁신적인 기술로 의료를 다시 디자인(redesign)할 수 있다고 생각한다”고 밝혔다.김남국 서울아산병원 융합의학과 교수.(사진=김남국 교수)김 교수는 직접 환자를 진료하거나 수술을 집도하는 의료진은 아니다. 융합의학과 교수로서 의료영상을 활용해 환자에 도움이 될 수 있는 솔루션을 연구해왔다. 서울아산병원 소개글에도 “다양한 환자 질환 영상을 이해하고 자동으로 처리할 수 있는 AI와 3D프린팅을 이용한 맞춤형 수술도구 및 재료 개발 등을 하고 있다”고 나와 있다.김 교수는 “1996년 석사과정 때 의료영상 처리 분야를 알게 된 후 석사 전공인 CAD/CAM을 접목한 의료영상 처리를 하면서 자연스럽게 3D프린팅을 적용하게 됐다”며 “이후 서울아산병원 영상의학과에서 만성폐쇄성폐질환(COPD) 영상처리를 하면서 질환의 다양성을 극복하기 위해 AI를 적극 활용하게 됐다”며 첨단 기술 활용에 관심을 갖게 된 배경을 말했다.■ 국내 첫 3D프린팅 신장암 모형으로 수술 성공3D프린팅이 의료 영역에서 특히 주목 받는 까닭은 수술 시뮬레이션이 가능하다는 점이다. 김 교수 역시 이점에 집중해 2014년 국내 최초로 모의 수술을 위해 환자 맞춤형 신장암 모형을 3D프린터로 제작했다. 김 교수와 동료 의료진들은 모의 수술을 통해 신장의 중요 혈관을 살리는 수술 방법이 가능할 것이란 판단을 내리고 실제 수술에 적용하는 데 성공했다. 이 수술 결과는 스페인 마드리드에서 개최된 유럽비뇨기학회에서 발표됐다.지난 15일엔 선천성 심장기형 환자 심장과 똑같은 모형을 이틀 안에 설계, 3D프린팅하는 기술 개발 성과를 업계에 알렸다. 그동안 심장 모의수술에 필요한 모형은 캐나다에 의뢰했으며 제품을 받기까지 최소 한달이 걸렸다.김 교수는 3D프린팅 기술이 수술 문제는 물론 ▲대량 생산과 소재 한계를 넘은 환자 맞춤형 의료기기 제작 ▲의료기기와 소재 유통 혁신 등 면에서 향후 의료 영역에 주요 기술이자 보편적 의료 기술로 자리잡을 것으로 내다봤다.AI는 전반적인 의료시스템과 의료 교육시스템에 자연스럽게 도입될 것이란 시각이다. 당장 김 교수만 하더라도 병리, 수술장, 마취과, 중환자실, 응급실, 소화기내과 등 다양한 과와 협력 연구를 진행 중이다.국내 디지털 헬스케어 기업들과도 AI 기반 솔루션을 공동 연구 개발하거나 기술 이전한 바 있다. 김 교수는 코어라인소프트와 COPD 진단에 필요한 폐 영상을 AI 기반 분석 자동화 솔루션 ‘에이뷰 메트릭(AVIEW Metric)’를 공동 개발해 지난해 말 북미영상의학회에서 공개했다.김 교수의 15여년간 연구 결과가 활용된 해당 솔루션은 업계 오랜 난제였던 기관지와 폐엽 분할을 완전 자동화하는 데 성공했다. 에이뷰 메트릭렁과 7년 경력 전문가가 진단 수행 결과를 비교해보니 약 200여개 사례 중 8%만 재작업이 필요했다. 최종 정량지표에 적용한 결과에선 96% 높은 정확도를 보였다.김남국 교수와 코어라인소프트가 함께 개발한 AI 기반 폐 영상 완전 자동 분석 솔루션 ‘에이뷰 메트릭(AVIEW Metric lung)'.(사진=코어라인소프트)김 교수가 이끄는 의료영상지능실현연구실(MI2RL)은 카카오브레인, 뷰노와 함께 CT, 자기공명영상(MRI) 등 의료영상에서 장기, 질환 위치를 인지하는 AI 네트워크 E-Net과 장기와 질환 경계선을 그려 분할하는 P-Net AI 네트워크를 결합한 캐스케이드(Cascade) U-Net을 개발하기도 했다. 해당 솔루션은 지난해 10월 국제 인공지능 의료영상 분할대회에서 2위를 차지했다.김 교수는 “의료영상에서 장기 및 질환을 인식하는 영상분할(semantic segmentation)은 매우 중요한 분야로 향후 다양한 질환과 장기에 적용할 계획”이라며 “현재 치과용 (Cone Beam) CT AI 분할 알고리즘을 오스템 임플란트에 기술 이전하고 있다. 앞으로 코어라인소프트, 뷰노, 오스템 등 여러 회사와 협력해 국내 산학병 의료 AI 연구 모델을 구축하는 것이 목표”라고 강조했다.앞으로 주목할 AI 적용 분야에 대해선 “현재 가장 중요한 분야는 병리 영상이다. 마취과나 중환자실 등 시그널에 대한 AI 연구도 꼭 필요하고 곧 상용화될 것이라 생각한다”며 “병원의 수많은 워크플로우와 동선, 행위 등을 모니터링하는 시스템도 필요하다”고 설명했다.■ 업계 성장 위해 정책 지원 활동 '활발'김 교수는 3D프린팅, AI 같은 첨단 기술이 의료 영역에 하루빨리 도입돼 의료와 디지털 헬스케어 산업이 함께 활성화되는 데도 큰 관심을 가지고 있다. 이를 위해 건강보험심사평가원에서 추진한 3D프린팅 이용 의료기술의 급여여부 평가 가이드라인 마련 연구에 책임 연구자로 참여, 지난해 가이드라인이 나왔다.가이드라인의 목적은 3D프린팅 이용 의료기술에 대한 급여, 비급여 대상을 확인하고 급여 평가 시 사용할 수 있는 합리적이고 객관적인 평가원칙을 마련하는 것이다.김 교수는 “가이드라인은 3D프린팅 의료기술 수가를 신청하는 연구자, 회사에 도움이 될 수 있는 정보를 제공한다”며 “최대한 객관적으로 자문위원단 자문을 받고 회사와 시민단체, 환우회, 의료진 들 입장도 반영해 작성했다”고 말했다.이밖에 김 교수는 2016년부터 총리실 산하 국무조정실 규제개혁위원회 헬스케어 분과 위원을 맡고 있다. 한국식품의약품안전처(식약처) 의료기기 자문 위원으로도 활동 중이다.김 교수는 국내 디지털 헬스케어산업 성장 관련 핵심 화두인 의료보험 수가 적용에 대해선 적절하지 않다는 의견이다. 업계에선 디지털 헬스케어 기업들이 개발한 솔루션이 시장성을 가지려면 수가가 적용돼 병원이 부담 없이 구매할 수 있게 해야 한다는 주장이 나오고 있다.그는 “산업 진흥을 위한 방법으로 의료보험 수가를 쓸 수는 없다고 생각한다”며 “오히려 전기자동차 보조금처럼 다른 자금으로 지원하는 것이 맞다고 본다”고 말했다.이어 “현재 더 큰 문제는 단일보험 체계와 행위별 수가제 때문에 (아무리 우수한 디지털 헬스케어 솔루션이라도) 수가가 없으면 식약처 인허가를 받아도 환자에게 합법적으로 사용할 수 없다는 데 있다”며 “향후 한국보건의료연구원에서 (디지털 헬스케어 솔루션에 대해) 신의료기술평가를 할 때 혁신의료기술 트렉을 적극적으로 활용할 수 있으면 좋겠다”고 덧붙였다.김승민 기자(ksm@zdnet.co.kr) ▶ 지디넷코리아 '홈페이지' / ▶ 지디넷코리아 ‘이슈진단+’  ▶ 네이버 채널에서 ‘지디넷코리아’를 구독해주세요 "
"[PRNewswire] HONOR, 세계적인 업계 불황에도 불구하고 강력한 성장세 기록",https://n.news.naver.com/mnews/article/001/0010587708?sid=104,"Fri, 18 Jan 2019 13:52:00 +0900","			-- HONOR의 플래그십 스마트폰 HONOR View20, 곧 전 세계적으로 출시    -- 2019년 HONOR 여정, 탄탄한 출발 기대(홍콩 2019년 1월 16일 PRNewswire=연합뉴스) 굴지의 스마트폰 e-브랜드 HONOR가 2018년에 전 세계적인 업계 불황에도 불구하고 높은 성장세를 이어가면서 업계 주도적인 입지를 다졌다. IDC에 따르면, 2018년 1~3분기 전 세계 스마트폰 시장의 선적량이 전년 대비 3.1% 감소한 것에 반해, HONOR는 이 동향과는 반대로 오히려 27.1%의 증가세를 기록했다. 현재 HONOR는 동기 대비 중·고급 온라인 채널 시장에서 점유율 1위를 달리고 있다. HONOR 사장 George Zhao는 ""최상의 가치를 제공하며, 비할 데 없는 자사 제품 덕분에 전 세계 1억 명의 팬으로부터 지지를 받았다""며 ""HONOR 브랜드가 조만간 3년 이내에 '세계 5대 스마트폰 브랜드'에 들고, 5년 이내에 '3대 브랜드'에 들고자 하는 목표를 달성할 것으로 확신한다""고 말했다. 이어 그는 ""자사는 올해 'HONOR MY WORLD' 슬로건과 함께하고, 움직이는 색으로 구성된 새로운 로고와 전 세계 젊은이에게 속하는 지능형 세상을 만들고자 하는 새로운 사명을 바탕으로 자사 브랜딩을 업그레이드했다""면서""새로운 브랜딩은 자사의 사업 성장을 지속해서 반영하고, 더욱 가속화 할 전망""이라고 설명했다. 이달 22일, HONOR View20가 파리에서 국제 출시된다. HONOR의 새로운 플래그십 스마트폰 HONOR View20은 HONOR의 최신 혁신과 창의성을 구현한다. HONOR는 설립 이후 지금까지 인공 지능(AI), 성능 및 제품 디자인 측면에서 스마트폰 혁명을 주도하며 모든 전선에서 새롭게 역사를 써오고 있다.AI 측면에서 HONOR의 진화AI는 현재 업계 판도를 바꾸는 최대 요인이며, 앞으로도 그러할 전망이다. PwC[ii]의 조사에 따르면, 2030년 AI의 세계 경제 기여도는 최대 15.7조 달러에 달할 전망이다. 이 중대한 동향을 인식한 HONOR는 최근 HONOR View20을 통해 궁극적인 AI 스마트폰 카메라를 출시했다. 이 장치는 세계 최초의 48MP 후면 카메라(소니 IMX586 센서로 구동)로 촬영하는 여러 장의 사진에서 가장 좋은 부분을 모아서 수집하고, 48MP AI 초고해상도 이미지를 생성하기 위해 듀얼 ISP와 듀얼 NPU를 특징으로 하는 기린 980(Kirin 980) 칩셋으로 지원되는 AI 컴퓨팅 파워와 그래픽 처리 역량을 이용한다. HONOR는 그동안 AI 혁신을 연속해서 발표하며 세상을 놀라게 했다. 2016년 1월에는 AI 시스템 'Magic Live'을 구축한 업계 최초의 스마트폰 HONOR Magic을 출시다. HONOR는 이를 통해 에코시스템을 확인시키고, 타사와의 협업을 통해 클라우드용 앱을 설계하는 방식을 학습했다. 그로부터 1년 후, HONOR는 한 단계 수준을 높여 HONOR View 10에 AI 칩셋 기린 970을 탑재했으며, 이를 통해 강력한 장면 인식과 자가 학습 역량을 지원했다. 또한, 동일한 AI 칩셋이 장착된 HONOR 10은 듀얼 렌즈 AI 2.0 카메라와 실시간으로 22개 부문 500종 이상의 시나리오를 인식할 수 있는 업계 최초의 Semantic Image Segmentation 기술을 선보였다. 성능 측면에서 HONOR의 진화HONOR는 소비자에게 원활한 성능을 제공하고자 획기적인 하드웨어와 소프트웨어 업그레이드로 가득한 스마트폰을 지속해서 출시하고 있다. HONOR는 자사의 최신 플래그십 스마트폰 HONOR View20에 사용자의 이용 행동과 네트워크 상태를 자동으로 분석하고자 AI와 빅데이터를 이용하는 Link Turbo를 적용했다. 덕분에 와이파이와 4G 네트워크 사이에서 원활한 전환이 가능하게 됐고, 동시에 양 네트워크를 채택함으로써 다운로드 속도를 더욱 높일 수 있게 됐다. 그뿐만 아니라 HONOR는 작년에 일련의 고급 기술을 선보였다. 2018년 6월에 선보인 GPU Turbo는 SoC(System on Chip) 에너지 소비량을 30% 줄이는 한편, 그래픽 처리 역량을 무려 60%나 늘리는 획기적인 하드웨어-소프트웨어 통합 솔루션이다. HONOR는 또한 9겹의 열 설계와 PC 등급의 액랭 파이프를 장착한 액랭 시스템도 선보였다. 이 액랭 시스템은 열 방산을 41% 늘리고, 단말기의 CPU 온도를 최고 섭씨 10도까지 낮춘다. 제품 디자인 측면에서 HONOR의 진화HONOR는 기능성과 미학적인 이유에서 자사 제품의 디자인에 우선순위를 둔다. HONOR View20은 기능성과 미학을 완벽하게 결합한 제품이다. HONOR View20은 HONOR의 새로운 화면 기술인 All-View Display를 선보인다. 이 기술은 세계 최초의 인-스크린(in-screen) 전면 카메라 디자인과 더불어 나노리소그래피 기술로 지원되는 선명하고 역동적인 V형 색상 변화 디자인을 제시한다. HONOR는 2017년 HONOR 7X와 HONOR View10을 출시하면서 18:9 베젤리스 화면을 채택한 이래, 진정한 풀뷰 디스플레이를 향한 경주를 이끌어왔다. 얼마 후, HONOR는 노치 스크린을 선보인 HONOR 10을 출시하고, 디스플레이 면적을 더욱 확장했다.HONOR는 2016년 HONOR 8에서 사파이어 블루를, 2017년 HONOR 9에서 글래이셔 그레이를 선보이면서 스마트폰에 색상 요소를 도입한 이래, 세련된 스마트폰 디자인 영역을 지배해왔다. 이후 HONOR는 단색을 넘어 HONOR 10과 HONOR 10 Lite에서 끊임없이 바뀌고 흐르는 색상 변화를 선보였으며, HONOR 8X에서는 이중 텍스쳐를 선보였다.HONOR 소개    주요 스마트폰 e-브랜드 HONOR는 우수한 사용자 경험을 제공하고, 행동에 영감을 불어넣으며, 창의성을 도모하고, 꿈을 실현하도록 청년들에게 힘을 부여하는 인터넷 최적화 제품으로 디지털 원주민의 수요를 충족시키고자 만들어졌다. 그 과정에서 HONOR는 다른 것을 시도하고, 고객을 위해 최신 기술과 혁신을 도입하는 데 필요한 단계를 밟는 용기를 보여줌으로써 타사와 차별화를 이뤘다.추가 정보는 HONOR 홈페이지 www.hihonor.com을 참조하거나 아래 계정에서 HONOR를 팔로우한다.    https://www.facebook.com/honorglobal/    https://twitter.com/honorglobal    https://www.instagram.com/honorglobal/    https://www.youtube.com/c/honorofficial/ International Data Corporation (IDC) (2018)의 세계 분기별 모바일폰 추적 보고서 2018 Q3: https://www.idc.com/tracker/showproductinfo.jsp?prod_id=37 [ii] PricewaterhouseCoopers (PwC) (2018)의 인공 지능 예측 보고서 2019:     https://www.pwc.com/us/en/services/consulting/library/artificial-intelligence-predictions-2019.html 사진 - https://photos.prnasia.com/prnh/20190117/2348751-2    HONOR View20 중국 출시 후 베이징에서 열린 HONOR 팬 축제에서 연설하는 George Zhao 사장출처: Honor[편집자 주] 본고는 자료 제공사에서 제공한 것으로, 연합뉴스는 내용에 대해 어떠한 편집도 하지 않았음을 밝혀 드립니다.▶연합뉴스 채널 구독하고 스타벅스 커피 드세요▶뭐 하고 놀까? #흥  ▶쇼미더뉴스! 오늘 많이 본 뉴스영상 "
[PRNewswire] HONOR Sees Strong Growth Amid Global Industry Decline,https://n.news.naver.com/mnews/article/001/0010586886?sid=104,"Thu, 17 Jan 2019 20:03:00 +0900","			-- Flagship HONOR View20 Soon to be Launched Globally, Paving the Way to a Powerful Start of 2019  (HONG KONG, Jan. 16, 2019 PRNewswire=연합뉴스) HONOR, a leading smartphone e-brand, has cemented its leading industry position with strong growth in 2018, despite a global industry downturn. According to IDC, the global smartphone market recorded a 3.1% year-over-year decline in shipments in the first three quarters of 2018 but HONOR bucked that trend and achieved a 27.1% increase. HONOR now ranks first in market share in the mid and high-end online channel market for the same period.""HONOR's unrivaled products with unbeatable value help us win support from our 100 million fans worldwide. We believe HONOR will soon meet our goal of becoming a 'Top 5' global smartphone brand within three years and 'Top 3' within five years. We have upgraded our branding this year with a new logo in moving colors accompanied by our slogan 'HONOR MY WORLD', and a new mission to create an intelligent world that belongs to the global youth. The new branding will continue to echo and further accelerate our business growth,"" said Mr. George Zhao, President of HONOR.The Global Launch of the HONOR View20 will take place in Paris on January 22. The flagship embodies HONOR's latest innovation and creativity. Ever since its inception, HONOR has been making history on all fronts, leading the revolution for smartphones in Artificial Intelligence (AI), performance and product design.HONOR's Evolution in AI  AI is and will remain the biggest game changer for the industry. According to a study conducted by PwC[ii], AI is predicted to contribute up to $15.7 trillion to the global economy in 2030. Having recognized this major trend, HONOR has recently launched the ultimate AI smartphone camera for the HONOR View20. The device leverages the AI computing power and graphic processing power enabled by the dual-ISP and dual-NPU of the Kirin 980 chipset to collate the essence of multiple photos taken by the world-first 48MP rear camera (powered by the Sony IMX586 sensor) and create a 48MP AI ultra-high-definition image.Over the years, HONOR has stunned the world with a succession of AI breakthroughs. In December 2016, HONOR launched the HONOR Magic, the first phone in the industry to feature an AI system ""Magic Live"" in a smartphone, to verify the ecosystem and learn how to collaborate with companies and help design apps for the cloud. A year later, HONOR took it to the next level and incorporated an AI chipset, the Kirin 970, into the HONOR View 10, enabling powerful scene recognition and self-learning capabilities. Also equipped with the same AI chipset, the HONOR 10 features a dual-lens AI 2.0 camera and an industry-first Semantic Image Segmentation technology that can recognize 500+ scenarios in 22 categories in real-time.HONOR's Evolution in Performance HONOR continually packs ground-breaking hardware and software upgrades in its smartphones to deliver a seamless performance for consumers. HONOR equipped the latest flagship HONOR View20 with Link Turbo, which leverages AI and big data to automatically analyze users' usage behavior and network conditions. This allows them to switch seamlessly between Wi-Fi or 4G networks and boost downloading speed by adopting both networks simultaneously.Additionally, HONOR released a series of high-end technology last year. The GPU Turbo, launched in June 2018, is a revolutionary hardware-software integration solution that dramatically increases the graphics processing power by 60% while reducing SoC (System on Chip) energy consumption by 30%. HONOR also launched the Liquid Cooling System, which is equipped with a nine-layer thermal design and a PC-grade liquid cooling pipe. It delivers 41% increase in heat dissipation and up to 10 degrees Celsius reduction in CPU temperature for handsets.HONOR's Evolution in Product Design HONOR prioritizes the design of its products for both functionality and aesthetics. HONOR View20 is the perfect combination of both. The HONOR View20 comes with HONOR's brand-new screen technology, All-View Display, which features a world-first, in-screen front camera design, and a vivid and dynamic V-shape color gradient design enabled by nanolithography technology.HONOR has been leading the race to true full-view display from the very beginning, ever since adopting the 18:9 bezel-less screen for the HONOR 7X and the HONOR View10 in 2017. Not long after, HONOR launched the HONOR 10 with notched screen, further expanding the display area. HONOR has dominated the stylish smartphone design space ever since it introduced the element of colors to smartphones with HONOR 8's Sapphire Blue in 2016 and HONOR 9's Glacier Grey in 2017. Then, HONOR went beyond solid colors and launched the HONOR 10 and the HONOR 10 Lite in ever-changing and flowing gradient colors, as well as the HONOR 8X that features a double texture.About HONOR     HONOR is a leading smartphone e-brand. The brand was created to meet the needs of digital natives through internet-optimized products that offer superior user experiences, inspire action, foster creativity and empower the young to achieve their dreams. In doing this, HONOR has set itself apart by showcasing its own bravery to do things differently and to take the steps needed to usher in the latest technologies and innovations for its customers.For more information, please visit HONOR online at www.hihonor.com or follow us on:    https://www.facebook.com/honorglobal/    https://twitter.com/honorglobal    https://www.instagram.com/honorglobal/    https://www.youtube.com/c/honorofficial/ International Data Corporation (IDC) (2018) Worldwide Quarterly Mobile Phone Tracker 2018 Q3 from https://www.idc.com/tracker/showproductinfo.jsp?prod_id=37 [ii] PricewaterhouseCoopers (PwC) (2018) Artificial Intelligence Predictions 2019 Report from https://www.pwc.com/us/en/services/consulting/library/artificial-intelligence-predictions-2019.html Photo - https://photos.prnasia.com/prnh/20190117/2348751-2    Mr. George Zhao spoke at the HONOR Fans Fest in Beijing, after HONOR View20's China Launch Source: Honor[편집자 주] 본고는 자료 제공사에서 제공한 것으로, 연합뉴스는 내용에 대해 어떠한 편집도 하지 않았음을 밝혀 드립니다. ▶연합뉴스 채널 구독하고 스타벅스 커피 드세요▶뭐 하고 놀까? #흥  ▶쇼미더뉴스! 오늘 많이 본 뉴스영상 "
"[PRNewswire] Honor 10, ‘EISA Lifestyle Smartphone 2018-2019’ 수상",https://n.news.naver.com/mnews/article/001/0010271733?sid=104,"Wed, 15 Aug 2018 18:36:00 +0900","			-- Honor의 최신 플래그십 모델 Honor 10, 젊은 세대에 ‘딱 맞는’ 스마트폰(홍콩 2018년 8월 15일 PRNewswire=연합뉴스) 유행을 선도하는 젊고 혁신적인 스마트폰 e-브랜드 Honor가 오늘 열린 유럽영상음향협회(European Imaging and Sound Association, EISA) 시상식에서 ‘EISA Lifestyle Smartphone 2018-2019’ 상을 받았다. EISA는 Honor 10을 가리켜 “가장 까다로운 젊은 사용자들에게 완벽하게 어울리는 스마트폰”이라고 찬사를 보냈다.Honor 사장 George Zhao는 “이번에 ‘EISA Lifestyle Smartphone 2018-2019’를 수상함으로써 총 세 개의 EISA 상을 받았다”라며 “업계에서 중요한 이 상은 Honor 브랜드가 전 세계 젊은이의 사랑을 받고 있다는 증거다. Honor 10은 매우 인기 많은 플래그십 스마트폰으로서 이미 판매 신기록을 세웠다”라고 말했다. Honor의 2018년 플래그십 스마트폰 Honor 10은 소비자에게 두 가지 획기적인 스마트폰 기술을 선보였다. EISA는 Honor 10이 “시장에서 가장 지능적인 카메라 시스템”과 “무려 500가지에 달하는 일상 상황에 따라 촬영 설정을 파악하고 조정할 수 있는 AI 소프트웨어”를 갖췄다며 찬사를 보냈다. 또한, EISA는 Honor 10의 “환상적인 알루미늄 프레임과 네 가지 세련된 색상으로 제공되는 글래스백 디자인”도 언급했다. Honor 10은 전 세계 최고의 소비자 기술 매체와 팬으로부터 호평을 받고 있다. Honor 10은 중국 출시 3개월, 런던에서 국제 출시 2개월이 지난 현재 300만 대 이상이 판매된 상태다. 사용자의 지지를 받는 Honor 10은 여러 핵심 기능에 대해 압도적으로 긍정적인 반응을 받았다. Honor 10은 업계 매체로부터 10개가 넘는 상을 받았는데, 그중 일부를 소개하면 안드로이드 헤드라인의 에디터스 초이스 어워드[https://www.androidheadlines.com/2018/05/honor-10-review-the-ultimate-affordable-flagship.html ], Wired의 최고의 중간 가격대 스마트폰[https://www.wired.co.uk/article/best-smartphone-mobile-phone-cameraphone-budget-android-smartphone ], Tech Radar의 2018의 스마트폰[https://www.techradar.com/news/best-phone/15 ], 안드로이드 센트럴의 최고의 $400 폰[https://www.androidcentral.com/honor-10-vs-nokia-7-plus ]과 초이스 어워드[https://www.androidcentral.com/honor-10-review ], Pocket-Lint의 2018 최고의 스마트폰[https://www.pocket-lint.com/phones/buyers-guides/120309-best-smartphones-and-flagship-mobile-phones-to-buy ] 등이 있다.Honor 10 핵심 기능 요약:AI 2.0 카메라    - 독자적으로 내장된 NPU 프로세서와 업계 최초의 Semantic Image Segmentation 기술이 지원하는 24MP + 16MP 후면 카메라    - AI 2.0 기술이 지원하는 24MP 전면 카메라    - AIS(Automatic Image Stabilization) 기능아방가르드 디자인    - 뒷면의 15겹 3D 글래스 디자인은 모든 각도, 자연광 및 그늘에서도 다채로운 광채를 보여준다.     - Honor 10은 소비자에게 Phantom Blue와 Phantom Green[1]이라는 환상적인 색상 조합을 선보인다. 이 상징적이고 획기적인 두 가지 색상은 Honor의 엔지니어와 디자이너의 창의성과 열정이 생명을 얻는 Paris Aesthetics Center에서 만들어졌다.기타    - GPU Turbo    - 글래스 하단에 설치된 전면 초음파 지문 센서    - 19:9 무베젤 디스플레이를 선보이는 5.84인치 FullView FHD+ 화면    - 4GB RAM과 64GB/128GB ROM    - Honor SuperCharge[2] 5V/4.5A와 3,400mAh(기본) 배터리    - 안드로이드 8.1 기반 EMUI 8.1[1] 그 외에 Midnight Black과 Phantom Grey 색상도 제공    [2] Honor 실험실 테스트 결과 기반Honor 소개    Honor는 화웨이 그룹의 주요 스마트폰 e-브랜드다. Honor는 ""용감한 이들을 위해(For the Brave)""라는 자사의 슬로건에 맞게 우수한 사용자 경험을 제공하고, 행동에 영감을 불어넣으며, 창의성을 도모하고, 꿈을 실현하도록 청년들에게 힘을 부여하는 인터넷 최적화 제품으로 디지털 원주민의 수요를 충족시키고자 만들어졌다. 그 과정에서 Honor는 다른 것을 시도하고, 고객을 위해 최신 기술과 혁신을 도입하는 데 필요한 단계를 밟는 용기를 보여줌으로써 타사와 차별화를 이뤘다.유럽영상음향협회(European Imaging and Sound Association, EISA) 소개    1982년에 설립된 유럽영상음향협회(EISA)는 소비자가전 제품을 테스트하는 멀티미디어 협회다. 20개 유럽 국가의 50개 음향, 모바일, 영상 및 사진 잡지사를 회원으로 보유한 EISA가 수여하는 상은 제품에 대한 가장 명예로운 소비자 추천이자, 최고의 소비자 구매 결정을 나타내는 핵심 지표로 여겨진다. 사진 - https://photos.prnasia.com/prnh/20180814/2211394-1    Honor 10, ‘EISA Lifestyle Smartphone 2018-2019’ 수상출처: Honor[편집자 주] 본고는 자료 제공사에서 제공한 것으로, 연합뉴스는 내용에 대해 어떠한 편집도 하지 않았음을 밝혀 드립니다. ▶뭐하고 놀까? '#흥'  ▶퀴즈풀고 상품받고! 뉴스퀴즈쇼 '뉴나'▶네이버 홈에서 [연합뉴스] 채널 구독하기"
[PRNewswire] Honor 10 named 'EISA Lifestyle Smartphone 2018 - 2019',https://n.news.naver.com/mnews/article/001/0010271729?sid=104,"Wed, 15 Aug 2018 18:24:00 +0900","			-- Honor's latest flagship device is a ""perfect fit"" for the young generation(HONG KONG, Aug. 15, 2018 PRNewswire=연합뉴스) Honor, a young, trendsetting, innovative smartphone e-brand, won a European Imaging and Sound Association (EISA) award today, the 'EISA Lifestyle Smartphone 2018 - 2019' award. EISA praised the Honor 10 as ""a perfect fit for even the most demanding younger user"".""The 'EISA Lifestyle Smartphone 2018 - 2019' is Honor's third EISA award. This important market recognition tells us the Honor brand is winning the hearts and minds of young people all over the world,"" said George Zhao, President of Honor. ""The Honor 10 is an incredibly popular flagship smartphone. Already it has achieved record-breaking sales figures.""The launch of the Honor 10, Honor's flagship smartphone for 2018, introduced two revolutionary smartphone technologies to consumers. EISA commended the Honor 10 for having ""the most intelligent camera system on the market"" and an advanced ""AI software that's able to recognize and adjust shooting settings for as many as 500 different lifestyle situations."" EISA also remarked on the Honor 10's ""stunning aluminum frame and glass back design - available in four stylish colors"".Honor 10 is well-received among top-tier consumer technology media and fans around the world. Three months since the launch in China and two months after the global launch in London, the Honor 10 sold more than 3 million units. And the support of users and has been overwhelmingly positive for many of the smartphone's key features.  The Honor 10 has secured more than 10 accolades from industry media, receiving the Android Headline Editor's Choice award [https://www.androidheadlines.com/2018/05/honor-10-review-the-ultimate-affordable-flagship.html ], Wired's Best mid-range smartphone [https://www.wired.co.uk/article/best-smartphone-mobile-phone-cameraphone-budget-android-smartphone ]; named in Tech Radar's Best Smartphone of 2018 [https://www.techradar.com/news/best-phone/15 ] and Android Central's Best $400 Phone [https://www.androidcentral.com/honor-10-vs-nokia-7-plus ] and Choice Award [https://www.androidcentral.com/honor-10-review ], and Pocket-Lint's Best Smartphone 2018 [https://www.pocket-lint.com/phones/buyers-guides/120309-best-smartphones-and-flagship-mobile-phones-to-buy ].Recap of Honor 10's key features:AI 2.0 camera    - 24MP + 16MP rear camera, supported by the independently built-in NPU processor, and the industry-first Semantic Image Segmentation technology    - 24MP front camera also supported by the AI 2.0 technology    - Automatic Image Stabilization (AIS)Avant-garde design    - 15 layers of 3D glass on the back, and this design reveals a colorful radiance from every angle, in natural light and shade.    - The Honor 10 brings a stunning combination of colors to consumers - the Phantom Blue, Phantom Green.[1] These two iconic and ground-breaking colors were created at The Paris Aesthetics Center, where the creativity and enthusiasm of Honor engineers and designers came to lifeOthers    - GPU Turbo    - Front-placing ultrasonic fingerprint sensor under the glass    - 5.84-inch FullView FHD+ screen with a 19:9 bezel-less display    - 4GB RAM and 64GB/128GB ROM    - Honor SuperCharge[2] 5V/4.5A with the 3,400 mAh (typical value) battery    - EMUI 8.1 based on Android 8.1[1] It is also available in Midnight Black and Phantom Grey.    [2] Based on the testing of Honor's laboratory.  About Honor    Honor is a leading smartphone e-brand under the Huawei Group. In line with its slogan, ""For the Brave"", the brand was created to meet the needs of digital natives through internet-optimized products that offer superior user experiences, inspire action, foster creativity and empower the young to achieve their dreams. In doing this, Honor has set itself apart by showcasing its own bravery to do things differently and to take the steps needed to usher in the latest technologies and innovations for its customers. About the European Imaging and Sound Association (EISA)    Established in 1982, the European Imaging Sound Association (EISA) is a multimedia association that tests consumer electronic products. With a membership including 50 audio, mobile, video and photo magazines from 20 European countries, EISA's awards are known as one of the most prestigious consumer recommendations that products can receive, and a key indication for the best consumer purchasing decisions.Photo - https://photos.prnasia.com/prnh/20180814/2211394-1    Honor 10 named ‘EISA Lifestyle Smartphone 2018 - 2019’Source: Honor[편집자 주] 본고는 자료 제공사에서 제공한 것으로, 연합뉴스는 내용에 대해 어떠한 편집도 하지 않았음을 밝혀 드립니다. ▶뭐하고 놀까? '#흥'  ▶퀴즈풀고 상품받고! 뉴스퀴즈쇼 '뉴나'▶네이버 홈에서 [연합뉴스] 채널 구독하기"
"[PRNewswire] Honor 10, 인도네시아에서 공식 출시",https://n.news.naver.com/mnews/article/001/0010250767?sid=104,"Fri, 03 Aug 2018 18:09:00 +0900","			-- AI 사진촬영술과 정교한 오로라 글래스 디자인으로 무장한 2018년 가장 혁신적인 플래그십 모델    -- Honor, 세 가지 주요 혁신 기능으로 무장한 Honor 10이 인도네시아 소비자가 가장 사랑하고 선호하는 스마트폰 중 하나가 될 것으로 확신(자카르타, 인도네시아 2018년 8월 3일 PRNewswire=연합뉴스) 굴지의 스마트폰 e-브랜드 Honor가 오늘, 인도네시아 자카르타에서 250명이 넘는 매체, 파트너 및 팬 앞에서 자사의 2018년 플래그십 스마트폰 Honor 10을 공식적으로 출시했다. Honor 10 출시로 ‘Beauty in AI’ 개념이 생명을 얻었다. ‘Beauty in AI’는 스마트폰 사진 촬영술에서 완전히 새로운 사용자 경험을 제공할 뿐만 아니라 세 가지 획기적이고 업계 주도적인 주요 스마트폰 기술도 선보이는 선구적인 컨셉이다. 첫 번째 주요 기능은 Honor 10의 이중 렌즈 카메라에 주로 적용되는 첨단 AI 2.0 기술이다. 두 번째 주요 기능은 Honor 10의 CMF[1] 디자인이다. 이 디자인은 Paris Aesthetics Center가 만든 15겹의 반짝이는 색깔층으로 구성된 환상적인 나노급 광학 코팅으로 이뤄진 3D 글래스 백을 선보인다. 세 번째 주요 기능은 모바일폰의 그래픽 처리 효율성을 극적으로 높이는 정교한 하드웨어-소프트웨어 통합 기반의 획기적인 그래픽 처리 가속 기술인 GPU Turbo다. 그에 따라 사용자는 더욱 부드럽고 빠른 모바일 경험을 하게 된다. 이처럼 세 가지 획기적인 혁신으로 무장한 Honor 10은 이달 6~10일 오전 11시 Lazada에서 사전 주문 가격 IDR 6.999.000에 판매될 예정이다.Honor 인도네시아 사장 James Yang은 “성공 비결은 간단하다. 바로 소비자에게 진정으로 좋은 제품을 제공하는 것”이라며 “이것이 바로 자사가 달성하고자 노력하는 목표”라고 말했다. 이어 그는 “자사는 단순히 좋은 제품을 만들 뿐만 아니라, 전 세계 젊은이들과 함께 새로운 라이프스타일을 공동으로 구축하고자 한다”면서 “무적의 가치로 무장하여 경쟁 상대가 없는 Honor 10의 출시로, 향후 3년 아내에 인도네시아에서 탑 3 스마트폰 브랜드가 되고자 하는 목표를 달성할 수 있을 것”이라고 강조했다.Honor는 공동 창작의 힘을 믿는다. 오늘 Honor는 게이밍 파트너 Gameloft, 라이브 스트리밍 애플리케이션 Bigo Live, Live.me, Nonolive, Kittylive, Uplive, 17, 그리고 단편 영화 애플리케이션 Kwai Go 등과 같은 파트너십도 발표했다. Honor는 자사의 전략적 파트너 및 Honor 커뮤니티와 긴밀하게 협력함으로써 인도네시아의 디지털 원주민을 위한 완전히 새로운 브랜드 경험을 공동 구축하는 데 계속 노력할 예정이다.Gameloft 인도네시아 사장 Arthur Constant는 “계속해서 환상적인 장치를 출시하는 굴지의 스마트폰 e-브랜드 Honor와 협력하게 돼 무척 기쁘다”라며 “Honor 10은 자사 게임을 체험하도록 완벽하게 조정된 폰 같다”고 말했다. 그는 “GPU(Graphic Processing Unit) Turbo는 그래픽 집중적인 게임을 할 때 에너지 효율과 전반적인 성능을 높이도록 설계됐다”라면서 “이와 같은 개선 요소는 자사가 사용자에게 제공하고자 하는 게임 경험을 확실히 전달할 것”이라고 설명했다.Honor는 혁신적인 장치와 정밀한 타깃팅 전략을 바탕으로 중국 제1의 스마트폰 e-브랜드로서 자국 시장 산업을 계속 주도하고 있으며, 인도네시아를 비롯한 해외에서 빠른 확장을 거듭하고 있다. Honor는 2018년 전반기 중국이 아닌 해외에서 전년 대비 국제 판매량 증가율 150%를 기록했다. Honor는 최근 인도네시아에서 상반기 판매 실적을 발표했으며, 2018년 전반기 월 성장률 100%라는 놀라운 성과를 달성했다. 올해 5월 Honor는 판매량 측면에서 애플을 누르고 러시아 제2의 스마트폰 브랜드로 부상했다. 또한, Honor는 인도에서 가장 빠르게 성장하는 스마트폰 공급업체다. 2018년 전반기 인도에서 Honor의 판매량과 수익은 300% 증가했다. Honor 10의 핵심 기능AI 2.0 카메라    24MP + 16MP 후면 카메라    Honor 10의 24MP+16MP 이중 렌즈 AI 카메라는 Kirin 970 칩셋에서 NPU(Neural Processing Unit) 프로세서로 개발하고 지원한다. 그에 따라 Honor 10 카메라는 실시간으로 22개 부문에서 500가지가 넘는 시나리오를 파악할 수 있다. 그뿐만 아니라 하늘, 식물, 사람 또는 심지어 폭포 같은 다양한 주변 사물의 윤곽선을 정확하게 묘사하고, 그 위치를 바로 파악할 수 있다.이 기능은 업계 최초로 도입한 Semantic Image Segmentation 기술이 지원한다. Honor 10은 이 기술로 인해 단일 이미지에서 여러 사물을 파악할 수 있다. Honor 10이 다른 스마트폰과 비교해 두각을 나타내는 부분이 바로 여기다. Honor 10에 도입된 이와 같은 업계 최초 기능은 사진을 촬영할 때 실시간으로 사진마다 장면별로 구체적인 매개변수를 적용한다. 따라서 매번 단 한 번의 클릭으로 마치 전문가가 찍은 것 같은 사진이 나오게 된다. 24MP 전면 카메라    Honor 10의 AI 2.0 기술은 후면 카메라뿐만 아니라 24MP 전면 카메라도 지원한다. 따라서 Honor 10은 지능적인 셀카 동반자 역할을 수행할 수 있다. 이 기술은 3D 얼굴 인식을 지원하고, 얼굴 디테일을 최적화하며, 화소 수준의 정확도로 100개가 넘는 얼굴점을 감지한다. 또한, Honor 10의 전면 카메라는 다양한 조명 조건을 통해 스튜디오 조명 효과도 지원한다. 정밀한 첨단 얼굴 인식을 통해 정확한 보케(bokeh) 효과를 보장하고, 심지어는 ‘단체 셀카’ 사진에서도 모든 사람의 미묘한 얼굴 특징까지 포착한다. AIS(Automatic Image Stabilization)    Honor 10은 AIS 소프트웨어 업그레이드를 받을 예정이다. AIS는 사진이나 영상을 촬영할 때 장치 흔들림을 보완하고, 흐릿함을 최소한으로 줄인다. 0.2초 이내에 98% 정확도로 장치가 손에 고정됐는지를 파악하고, AI 화면 인식을 통해 자동으로 노출과 프레임을 설정한다. 아방가르드 디자인    모든 각도에서 반짝이는 오로라 글래스    Honor 10의 미니멀리즘 피니시를 구현하는 데 들어간 과정은 간단하지 않았다. 궁극적인 정밀성과 정교한 처리를 요구하는 세계적인 수준의 산업 기법과 섬세한 엔지니어링 과정으로 탄생한 결과물이다. Honor 10의 글래스 디자인은 후면에서 3D 글래스 15겹으로 탄생했다. 이 디자인은 다채로운 뒷면 바디를 보여준다. Paris Aesthetics Center가 디자인한 세련되고 스타일리쉬한 색감    예술사와 디지털 세계에 몰입한 Honor 10은 소비자에게 Phantom Blue와 Phantom Green[2]이라는 환상적인 색의 조합을 선보인다. 이 두 가지 획기적이고 대표적인 색상은 Honor의 엔지니어와 디자이너의 창의성과 열정이 생명을 얻는 Paris Aesthetics Center에서 만들어졌다. 유행하는 캐릭터를 올인원으로 제공: Honor FullView와 글래스 하단 초음파 지문 센서    Honor 10은 업계 최초로 글래스 하단의 전면 초음파 지문 센서와 더불어 19:9 무베젤 디스플레이와 86% 스크린-바디 비율을 특징으로 하는 5.84인치 FullView FHD+ 화면을 구현한다. 업그레이드된 친밀한 경험    NPU 프로세서    Honor 10은 독자적으로 내장된 NPU 프로세서로 구동된다. 4GB RAM과 64GB/128GB ROM은 갤러리, 앱 및 파일에서 흥미진진한 모든 순간을 저장하기에 충분한 공간을 제공한다. Honor 10은 3,400mAh(기본) 배터리와 Honor Super Charge[3] 5V/4.5A를 제공한다. Honor 10의 배터리는 25분 내에 50% 충전된다. EMUI 8.0    Honor 10은 최신 EMUI 8.1 사용자 인터페이스를 사용한다. 이 인터페이스는 소프트웨어 기능과 역량에서 전반적으로 업그레이드됐으며, 특히 Easy Talk 기능을 선보인다. Easy Talk 기능은 사용자가 도로에서 핸즈프리로 통화할 때 바람이 많이 부는 환경에서 배경 소음을 줄여준다. 또한, 이 기능은 조용하게 대화할 때 속삭이는 목소리를 키워준다. GPU Turbo    GPU Turbo는 하드웨어-소프트웨어 통합 그래픽 처리 가속 기술이다. 이 기술은 더 낮은 레이어 시스템에서 전통적인 그래픽 처리 체제를 재구성하여 사용자 경험을 크게 개선시킨다. 이 획기적인 기술은 그래픽 처리 효율을 60% 높이는 한편, SoC(System on Chip) 에너지 소비를 30% 줄여 모바일 게임을 다음 차원으로 끌어올린다. [1] 산업 디자인에서 색상, 제조, 피니시(Color, Manufacturing, Finish, CMF)    [2] Midnight Black 색도 판매된다.    [3] Honor 실험실 테스트 기반 Honor 소개    Honor는 선도적인 스마트폰 e-브랜드다. Honor는 ""용감한 이들을 위해(For the Brave)""라는 자사의 슬로건에 맞게 우수한 사용자 경험을 제공하고, 행동에 영감을 불어넣으며, 창의성을 도모하고, 꿈을 실현하도록 청년들에게 힘을 부여하는 인터넷 최적화 제품으로 디지털 원주민의 수요를 충족시키고자 만들어졌다. 그 과정에서 Honor는 다른 것을 시도하고, 고객을 위해 최신 기술과 혁신을 도입하는 데 필요한 단계를 밟는 용기를 보여줌으로써 타사와 차별화를 이뤘다. 추가 정보는 Honor 홈페이지 www.hihonor.com을 참조하거나 아래 SNS에서 팔로우한다.Honor 인도네시아 소셜미디어 플랫폼:    https://www.facebook.com/HonorID/      https://twitter.com/Honor_Indonesia    https://www.instagram.com/honor_indonesia/Honor 글로벌 플랫폼:    https://www.facebook.com/honorglobal/    https://twitter.com/Honorglobal    https://www.instagram.com/honorglobal/    https://www.youtube.com/honorglobal사진 - https://photos.prnasia.com/prnh/20180803/2202844-1     Honor 인도네시아 사장 James Yang출처: Honor[편집자 주] 본고는 자료 제공사에서 제공한 것으로, 연합뉴스는 내용에 대해 어떠한 편집도 하지 않았음을 밝혀 드립니다.▶놓치면 아쉬운 '핫뉴스'  ▶퀴즈풀고 상품받고! 뉴스퀴즈쇼 '뉴나'▶네이버 홈에서 [연합뉴스] 채널 구독하기"
[PRNewswire] Honor 10 is Officially Launched in Indonesia - The Most,https://n.news.naver.com/mnews/article/001/0010249568?sid=104,"Fri, 03 Aug 2018 10:08:00 +0900","			Innovative Flagship Model in 2018 with AI Photography and Exquisite Aurora Glass Design-- With three major leading features, Honor is confident that Honor 10 will be one of the most beloved and preferred smartphones by Indonesian consumer(JAKARTA, Indonesia, Aug. 3, 2018 PRNewswire=연합뉴스) Honor, a leading smartphone e-brand, officially introduced Honor 10 as its 2018 flagship smartphone today in front of over 250 media, partners, and fans in Jakarta, Indonesia. The launch brought to life the concept of ""Beauty in AI"", a pioneer in bringing a whole new user experience in smartphone photography, as well as revealing three major ground-breaking, industry leading smartphone technologies.The first leading feature is the advanced AI 2.0 technology, applied chiefly to the smartphone's dual-lens camera. The second is the Honor 10's CMF[1] design, a 3D glass back with a stunning nano-scale optical coating composed of 15 layers of shimmering color, created by The Paris Aesthetics Center. The third is GPU Turbo, a revolutionary graphics processing acceleration with sophisticate hardware-software integration that dramatically increases graphics processing efficiency of mobile phones, which will provide users with a smoother and faster mobile experience. Armed with three major breaking innovation, the Honor 10 will be available at IDR 6.999.000 for pre-order at Lazada from August 6th to August 10th at 11:00 AM.""We believe that the recipe for success is simple: by giving consumers a really good product! That's what we work hard to achieve at Honor,"" said James Yang, President of Honor Indonesia, ""However, we don't just make good products, but we want to co-create a new lifestyle with young people worldwide. With the introduction of Honor 10, an unrivaled product with unbeatable value, we believe that we can achieve our goal to be one of the top three smartphone brands in Indonesia in the next three years.""Honor believes in the power of co-creation. Today, Honor also announced its partnerships with gaming partner, Gameloft; live-streaming applications, Bigo Live, Live.me, Nonolive, Kittylive, Uplive, 17; and short movie application, Kwai Go. Working closely together with its strategic partners and the Honor community, Honor will continue to co-create a brand experience like no other for digital natives in Indonesia.""We are very excited to collaborate with Honor as a leading smartphone e-brand that continues to create stunning devices. Honor 10 is definitely a perfectly adapted Phone for experiencing Gameloft games! The GPU (Graphic Processing Unit) turbo is designed to improve the energy efficiency and general performance when playing graphically-intensive games. Those improvements are definitely serving the game experience that Gameloft wants to offer to its users,"" said Arthur Constant, Country Manager of Gameloft Indonesia.With its innovative devices and precise targeting strategy, Honor continues to lead the industry in its home market as the No. 1 smartphone e-brand in China, while expanding rapidly overseas, including Indonesia. The brand has achieved 150% increase year-on-year in international sales volume outside of China in the first half of 2018. In Indonesia, Honor just released its half year sales result with remarkable achievement by 100% monthly growth in the first half of 2018. In May this year, Honor surpassed Apple to become Russia's No. 2 smartphone brand in terms of sales volume. The brand is also the fastest growing smartphone vendor in India, with a 300% increase in sales volume and revenue in the first half of 2018.Key Features of the Honor 10AI 2.0 Camera    24MP + 16MP rear camera    Honor 10 24MP+16MP dual-lens AI camera was developed and supported by the Neural Processing Unit (NPU) processor in the Kirin 970 chipset, which means it recognizes 500+ scenarios in 22 categories in real-time. It can pinpoint the outlines of various surrounding objects, like the sky, plants, people or even a waterfall, and identify their locations instantly.This feature is supported by the industry-first Semantic Image Segmentation technology, which allows Honor 10 to identify multiple objects in one single image. It is here where Honor 10 really stands out from the crowd. These industry-first features in Honor 10 apply scene-specific parameters to each photo in real-time when taking a picture, making every photo taken looks like a professional shot with only just one click.24MP front camera    The AI 2.0 technology on Honor 10 is not only supporting its rear camera, but also its 24MP front camera, which makes this device acts as the user's intelligent selfie companion. It supports 3D face recognition, optimizes facial details and detects over a hundred facial points to pixel-level accuracy.Honor 10's front camera also supports studio lighting effects with a range of lighting conditions. The advanced and precise facial recognition ensures an accurate bokeh, and captures subtle features of everyone's face, even in a 'groufie' shot.Automatic Image Stabilization (AIS)    Honor 10 will receive an AIS software upgrade, an image enhancement that minimizes blurring and compensates for device shake while capturing photos and video. Within 0.2 seconds, the software detects if the device is handheld with 98% accuracy and automatically sets the exposure and framing using AI scene recognition.Avant-garde design    Aurora glass, radiance from every angle    The process taken to achieve Honor 10's minimalist finish wasn't simple, it was a result of a series of world-class industrial techniques and sophisticated engineering processes, which required the utmost precision and delicate handling. Honor 10 glass design is made with 15 layers of 3D glass on the back, and this design reveals a colorful rear body.Chic and stylish colors designed by The Paris Aesthetics Center    Immersed in art history and the digital world, the Honor 10 brings a stunning combination of colors to consumers - the Phantom Blue and Phantom Green.[2] These two iconic and ground-breaking colors were created at The Paris Aesthetics Center, where the creativity and enthusiasm of Honor engineers and designers came to life.Trendy characters all-in-one: Honor FullView and Ultrasonic Fingerprint Sensor Under the Glass    The Honor 10 embodies the industry-first front-placing ultrasonic fingerprint sensor under the glass, and a 5.84-inch FullView FHD+ screen with a 19:9 bezel-less display and 86% screen-to-body ratio.Upgraded and Intimate Experience    NPU Processor    The Honor 10 is powered by an independently built-in NPU processor. The 4GB RAM and 64GB/128GB ROM storage gives sufficient space to stock all your exciting moments recorded in galleries, apps and files. The Honor 10 also comes with Honor Super Charge[3] 5V/4.5A with the 3,400 mAh (typical value) battery, it can recharge 50% of power within 25 minutes.EMUI 8.0    Honor 10 uses the latest EMUI 8.1 user interface, which represents an overall upgrade in software function and capability, and particularly features the Easy Talk function, which reduces background noise in a windy environment when the user is talking handsfree on the road, it also increases the volume of whispering for quiet conversations.GPU Turbo    GPU Turbo is a hardware-software integrated graphics processing acceleration technology. It reconstructs the traditional graphics processing framework at the lower layer system, greatly improving the user experience. This technology breakthrough can improve graphics processing efficiency by 60%, while reducing the SoC (System on Chip) energy consumption by 30%, taking mobile gaming to the next level.[1] Color, Manufacturing, Finish (CMF) in industrial design    [2] It is also available in Midnight Black.    [3] Based on the testing of Honor's laboratory.About Honor    Honor is a leading smartphone e-brand. In line with its slogan, ""For the Brave"", the brand was created to meet the needs of digital natives through internet-optimized products that offer superior user experiences, inspire action, foster creativity and empower the young to achieve their dreams. In doing this, Honor has set itself apart by showcasing its own bravery to do things differently and to take the steps needed to usher in the latest technologies and innovations for its customers.For more information, please visit Honor online at www.hihonor.com or follow us on:Honor Indonesia social media platforms:    https://www.facebook.com/HonorID/      https://twitter.com/Honor_Indonesia    https://www.instagram.com/honor_indonesia/Honor global platforms:    https://www.facebook.com/honorglobal/    https://twitter.com/Honorglobal    https://www.instagram.com/honorglobal/    https://www.youtube.com/honorglobalPhoto - https://photos.prnasia.com/prnh/20180803/2202844-1     James Yang, President of Honor IndonesiaSource: Honor[편집자 주] 본고는 자료 제공사에서 제공한 것으로, 연합뉴스는 내용에 대해 어떠한 편집도 하지 않았음을 밝혀 드립니다.▶놓치면 아쉬운 '핫뉴스'  ▶퀴즈풀고 상품받고! 뉴스퀴즈쇼 '뉴나'▶네이버 홈에서 [연합뉴스] 채널 구독하기"
"[PRNewswire] Honor 10, 전 세계적으로 100만 대 이상 판매",https://n.news.naver.com/mnews/article/001/0010105729?sid=104,"Thu, 24 May 2018 17:53:00 +0900","			-- Honor 10, 조만간 다른 시장에서도 출시 예정(선전, 중국 2018년 5월 23일 PRNewswire=연합뉴스) 젊고 재미있으며 혁신적인 스마트폰 e-브랜드 Honor는 오늘, 새로운 플래그십 모델인 Honor 10이 중국에서 처음 출시된 지 불과 한 달 만에, 런던에서 국제 출시된 지 일주일 만에 판매량 100만 대를 돌파했다고 발표했다. 이 판매 신기록은 이달 15일 국제 출시 이후 Honor 10을 바로 구매 가능했던 구체적인 시장에서 달성됐다. 영국의 경우, Honor 10이 영국 아마존의 언락폰 부문에서 새롭게 베스트셀러가 됐다. 러시아에서는 약 500명의 팬과 고객이 Honor 10을 구매하고자 비를 맞으며 Honor 매장 밖에서 줄을 서서 기다렸다. 그뿐만 아니라 Honor 10의 출시 후 첫 주 국제 판매량은 Honor 9보다 두 배나 증가했다. Honor의 공식 웹사이트이자 또 다른 온라인 구매 채널인 Hihonor[https://www.hihonor.com/global/products/mobile-phones/honor10/index.html ]에서는 영국, 프랑스, 독일, 이탈리아 및 스페인 등 Honor 10이 출시된 모든 5개 국가에서 출시 후 첫 주에 준비된 모든 재고가 매진됐다. 앞으로 수일 혹은 수주 이내에 중부 유럽과 동부 유럽, 북유럽 및 중동을 포함한 다른 국가/지역에서도 Honor 10이 출시될 예정이다. 이번 주에는 동남아시아 일부 국가에서 Honor 10이 출시되고, 조만간 말레이시아, 태국, 베트남 및 필리핀에서도 Honor 10 판매가 시작될 예정이다. Honor 10 구매를 위해 Hihonor[https://www.hihonor.com/global/products/mobile-phones/honor10/index.html ]에서 관련 정보를 주시하도록 한다.Honor 10의 주요 기능 복습:AI 2.0 카메라    - 독자적으로 내장된 NPU 프로세서가 지원하는 24MP + 16MP 후면 카메라와 업계 최초의 Semantic Image Segmentation 기술    - AI 2.0 기술이 지원하는 24MP 전면 카메라아방가르드 디자인    - 뒷면에 15겹의 3D 글라스가 장착된 이 디자인은 모든 각도, 자연광 및 그늘에서도 다채로운 광채를 드러낸다.     - Honor 10은 팬텀 블루, 팬텀 그린과 같은 환상적인 색상 조합을 제공한다[1]. 대표적이고 획기적인 이 두 가지 색상은 Paris Aesthetics Center에서 디자인됐다. 그곳에서 Honor 엔지니어와 디자이너들의 창의성과 열정이 생명을 얻었다. 기타    - 전면 유리 하단에 설치된 초음파 지문 센서    - 19:9 베젤리스 디스플레이를 선보인 5.84인치 FullView FHD+ 스크린     - 4GB RAM과 64GB/128GB ROM     - 3,400mAh(기본값) 배터리와 Honor SuperCharge[2] 5V/4.5A     - 안드로이드 8.1 기반의 EMUI 8.1Honor 소개    Honor는 화웨이 그룹의 주요 스마트폰 e-브랜드다. Honor는 ‘For the Brave(용기 있는 자들을 위해)’라는 슬로건에 맞게 우수한 사용자 경험을 제공하고, 행동을 격려하며, 창의성을 도모하고, 젊은이들이 꿈을 실현하도록 지원하는 인터넷 최적화된 제품을 통해 디지털 원주민들의 수요를 충족시킬 브랜드로 창조됐다. 그 과정에서 Honor는 남다르게 시도하며, 고객을 위해 최신 기술과 혁신을 도입하는 데 필요한 단계를 밟는 용기를 보여줌으로써, 경쟁사와의 차별화를 이뤘다.추가 정보는 Honor 웹사이트 www.hihonor.com를 방문하거나, 아래 계정을 팔로우 한다.    https://www.facebook.com/honorglobal/     https://twitter.com/Honorglobal     https://www.instagram.com/honorglobal/     https://www.youtube.com/honorglobal[1] 미드나이트 블랙과 팬텀 그레이도 판매되고 있다.    [2] Honor 실험실 테스트를 기반으로 한다.사진 - https://photos.prnasia.com/prnh/20180523/2141270-1-a    Honor 10, 100만 대 이상 판매사진 - https://photos.prnasia.com/prnh/20180523/2141270-1-b    Honor 10을 구매하는 러시아 팬출처: Honor[편집자 주] 본고는 자료 제공사에서 제공한 것으로, 연합뉴스는 내용에 대해 어떠한 편집도 하지 않았음을 밝혀 드립니다. ▶기사제보 및 문의▶내 생활에 흥이나는 최신 트렌드  ▶사진구매 문의"
[PRNewswire] Honor 10 Sold over 1 Million Units Globally,https://n.news.naver.com/mnews/article/001/0010103441?sid=104,"Thu, 24 May 2018 08:42:00 +0900","			-- Purchase of Honor 10 Will Soon Be Available in Other Markets (SHENZHEN, China, May 23, 2018 PRNewswire=연합뉴스) Honor, a young, fun and innovative smartphone e-brand, today announced that its newly launched flagship model Honor 10 has recorded a sales volume at over 1 million, after only one month of its initial launch in China and one week after the global launch in London.This record-breaking sales figure has been achieved in markets specific where Honor 10 is immediately available for purchase following the global launch on May 15. In the UK, Honor 10 has become the newly launched Bestseller on Amazon UK in the Unlocked Phone category. In Russia, around 500 fans and customers even queued outside the Honor store in the rain to get their hands on the latest release. Moreover, the first-week global sales volume for the Honor 10 doubled the record that Honor 9 created. On Hihonor [https://www.hihonor.com/global/products/mobile-phones/honor10/index.html ], Honor's official website, another of the online purchase channels, all the pre-prepared stock was sold out in the first week after the launch in every single one of the five countries where it is available, including UK, France, Germany, Italy and Spain. In the coming days and weeks, Honor 10 will soon be available in other countries/regions including Central and Eastern Europe, Nordics and Middle East. It has also launched in several South East Asian countries just this week, sales will soon start in Malaysia, Thailand, Vietnam and the Philippines as well. Stay tuned and don't  forget to visit Hihonor [https://www.hihonor.com/global/products/mobile-phones/honor10/index.html ] to get your Honor 10!Recap of Honor 10's key features:AI 2.0 camera    - 24MP + 16MP rear camera, supported by the independently built-in NPU processor, and the industry-first Semantic Image Segmentation technology.     - 24MP front camera also supported by the AI 2.0 technology.Avant-garde design    - 15 layers of 3D glass on the back, and this design reveals a colorful radiance from every angle, in natural light and shade.     - The Honor 10 brings a stunning combination of colors to consumers - the Phantom Blue, Phantom Green.[1] These two iconic and ground-breaking colors were created at The Paris Aesthetics Center, where the creativity and enthusiasm of Honor engineers and designers came to life.Others    - Front-placing ultrasonic fingerprint sensor under the glass     - 5.84-inch FullView FHD+ screen with a 19:9 bezel-less display     - 4GB RAM and 64GB/128GB ROM     - Honor SuperCharge[2] 5V/4.5A with the 3,400 mAh (typical value) battery     - EMUI 8.1 based on Android 8.1About Honor     Honor is a leading smartphone e-brand under the Huawei Group. In line with its slogan, ""For the Brave"", the brand was created to meet the needs of digital natives through internet-optimized products that offer superior user experiences, inspire action, foster creativity and empower the young to achieve their dreams. In doing this, Honor has set itself apart by showcasing its own bravery to do things differently and to take the steps needed to usher in the latest technologies and innovations for its customers.For more information, please visit Honor online at www.hihonor.com or follow us on:     https://www.facebook.com/honorglobal/     https://twitter.com/Honorglobal     https://www.instagram.com/honorglobal/     https://www.youtube.com/honorglobal[1] It is also available in Midnight Black and Phantom Grey.     [2] Based on the testing of Honor's laboratory.  Photo - https://photos.prnasia.com/prnh/20180523/2141270-1-a    Honor 10 Sold Over 1 Million Units Photo - https://photos.prnasia.com/prnh/20180523/2141270-1-b    Russian Fans Get Hands-on with Honor 10 Source: Honor[편집자 주] 본고는 자료 제공사에서 제공한 것으로, 연합뉴스는 내용에 대해 어떠한 편집도 하지 않았음을 밝혀 드립니다. ▶기사제보 및 문의▶내 생활에 흥이나는 최신 트렌드  ▶사진구매 문의"
"[PRNewswire] Honor의 2018년 주력 모델 Honor 10, 399.99파운드에 출시",https://n.news.naver.com/mnews/article/001/0010090162?sid=104,"Wed, 16 May 2018 17:40:00 +0900","			-- AI 사진 및 매력적인 오로라 글라스 디자인 돋보여(런던 2018년 5월 15일 PRNewswire=연합뉴스) Honor가 2018년 주력 스마트폰 Honor 10을 출시했다. 이번 출시에서는 ‘AI의 아름다움(Beauty in AI)’이라는 콘셉트로, 두 가지 주요 스마트폰 기술을 소비자에게 공개할 예정이다.첫 번째는 스마트폰의 듀얼 렌즈 카메라에 주로 적용되는 첨단 AI 2.0 기술이며, 두 번째는 Honor 10 CMF[1] 디자인으로, 반짝이는 색상의 15개 레이어로 구성된 놀라운 나노 스케일의 광학적 코팅이 적용된 3D 글래스백 기술이다. 영국, 프랑스, 독일, 이탈리아, 스페인에서는 이달 15일 오후 4시(BST 기준)부터 Hihonor [https://www.hihonor.com/global/index.html ]에서 Honor 10을 399.99파운드에 구매할 수 있다. 다른 국가에서도 조만간 판매될 예정이다.Honor 사장 George Zhao에 따르면, 2016년 이전에는 대부분의 스마트폰이 블랙, 화이트, 골드의 세 가지 색상으로만 출시됐다고 한다. 그러나 Honor는 2016년에 팬텀 블루를, 2017년에는 팬텀 그레이 색상을 선보였으며, 올해는 스마트폰 디자인의 진정한 돌파구라 할 수 있는 오로라 색상을 선보이게 됐다. Honor 사장 George Zhao는 “우리는 성공의 열쇠는 간단하다. 바로 소비자에게 정말로 뛰어난 제품을 제공하는 것”이라며 “우리는 이를 목표로 매일 열심히 노력한다”고 밝혔다. 이어 그는 “그러나 단지 좋은 제품을 제조하는 것으로만 그치지 않는다”라면서 “우리는 전 세계 젊은이들과 함께 새로운 라이프스타일을 만들어내고자 한다. 전 세계 젊은이들에게 귀를 기울이고, 적극적으로 아이디어를 독려하고, 그들을 응원한다. 젊은이들은 우리의 자극제이자 영감의 원천”이라고 설명했다.Honor는 혁신적인 디바이스와 정밀한 타깃팅 전략을 통해 중국 1위의 스마트폰 e 브랜드로 중국 시장에서 업계를 선도하고 있으며, 해외에서도 빠른 성장세를 보이고 있다. Honor 브랜드는 창립 이래 해외시장에서 100% 성장했다. 영국에서 Honor의 View 10은 Stuff, The Guardian, T3, Recombu에서 별점 5점을 받았다. 수상 경력을 가진 제품인 동시에 통신사와 오픈 마켓에서의 폭넓은 파트너십을 갖춘 덕분에, 영국에서 Honor는 200%의 성장을 달성했다. 러시아에서는 삼성과 애플에 이어 11개월 연속으로 3위를 차지했고, 인도에서는 상위 5위 내에 들면서 가장 빠르게 성장하는 스마트폰 브랜드로 자리매김했다.Honor 10의 주요 특징AI 2.0 카메라 24MP+16MP 후방 카메라    Honor 10의 24MP+16MP 듀얼 렌즈 AI 카메라는 Kirin 970 칩셋의 NPU 프로세서에 의해 개발 및 지원됐으며, 이를 통해 22가지 카테고리, 500개 이상의 시나리오를 실시간으로 인식할 수 있다. 하늘, 식물, 인물, 혹은 폭포 등과 같은 다양한 주위 사물의 윤곽을 정확히 찾아내고, 즉각적으로 해당 사물의 위치를 식별할 수 있다. 업계 최초의 시맨틱 이미지 세분화(Semantic Image Segmentation) 기술을 통해 지원되는 이러한 기능을 통해, Honor 10은 하나의 이미지에서 여러 가지 물체를 식별할 수 있다. 이는 기타 스마트폰과 Honor 10을 차별화하는 단연 눈에 띄는 기능이다. 업계 최초로 Honor 10은 사진 촬영 시 각 사진에 장면별 매개 변수를 적용해 한 번의 클릭만으로 모든 사진을 전문가 수준으로 촬영할 수 있게 해 준다. 24MP 전방 카메라    AI 2.0 기술로 지원되는 후방 카메라 기능이 전부가 아니다. Honor 10의 24MP 전방 카메라는 지능형 셀카의 동반자 역할을 톡톡히 해낸다. 전방 카메라는 3D 얼굴 인식을 지원하고 얼굴 세부 정보를 최적화하며, 100개 이상의 얼굴 포인트 지점을 픽셀 단위의 정확도로 감지한다. 또한, Honor 10의 전방 카메라는 다양한 조명 조건을 갖춘 스튜디오 조명 효과도 지원한다. 첨단 정밀 얼굴 인식을 통해 정밀한 ‘흐림 효과(bokeh)’가 가능하며 ‘단체 셀카('groufie)’ 촬영에서도 개별 얼굴의 미묘한 특징을 포착한다. 아방가르드 디자인모든 각도에서 빛나는 오로라 글라스    Honor 10의 극도로 단순하고 깔끔한 마감을 이뤄내는 과정은 그리 쉽지 않았다. 이는 고도의 섬세함과 정밀함이 요구되는 세계 최고 수준의 산업 기술과 정교한 엔지니어링 과정의 결과다. Honor 10의 글라스 디자인은 뒷면이 15개 레이어로 이뤄진 3D 글라스로, 자연광 및 그늘에서 모든 각도마다 다채로운 빛을 발산한다. Paris Aesthetics Center에서 디자인한 맵시 있고 세련된 색상    예술사와 디지털 세계가 물씬 스며든 Honor 10은 소비자에게 팬텀 블루와 팬텀 그린[2]과 같은 놀라운 색상을 선보인다. 이 상징적이고 획기적인 두 색상은 Honor의 기술자와 디자이너들의 창의성과 열정을 통해 Paris Aesthetics Centre에서 만들어졌다. 트렌디한 일체형 특성: Honor의 풀뷰(Fullview) 및 글라스 하단부 초음파 지문인식 센서    Honor 10은 업계 최초로 글라스 하단부에 전면 초음파 지문센서를 장착하고, 19:9의 베젤리스 디스플레이와 86%의 스크린 대 바디 비율을 갖춘 5.84인치 풀뷰(FullView) FHD 스크린을 구현한다. 업그레이드된 친숙한 경험 Honor 10은 독립적으로 내장된 NPU 프로세서에 의해 구동된다. 4GB RAM과 64GB/128GB ROM 스토리지는 갤러리, 앱 및 파일에 기록된 흥미로운 순간을 모두 저장할 수 있는 충분한 공간을 제공한다. Honor 10은 3,400mAh(일반 값) 배터리로 5V/4.5A의 Honor 급속충전과 함께 제공되며, 25분 이내에 50%의 전력을 충전할 수 있다. Honor 10은 소프트웨어 기능과 역량 면에서 전체적으로 업그레이드된 최신 EMUI 8.1을 기반으로 하며, 이지톡(Easy Talk) 기능을 주요 특징으로 하고 있어 도로에서 핸즈프리 통화 시 바람 부는 환경에서 배경 소음을 줄여준다. 또한, 조용하게 대화할 때는 작은 소리의 볼륨을 키워준다. Honor 소개    Honor는 화웨이 그룹의 주요 스마트폰 e-브랜드다. Honor는 ‘For the Brave(용기 있는 자들을 위해)’라는 슬로건에 맞게 우수한 사용자 경험을 제공하고, 행동을 격려하며, 창의성을 도모하고, 젊은이들이 꿈을 실현하도록 지원하는 인터넷 최적화된 제품을 통해 디지털 원주민들의 수요를 충족시킬 브랜드로 창조됐다. 그 과정에서 Honor는 남다르게 시도하며, 고객을 위해 최신 기술과 혁신을 도입하는 데 필요한 단계를 밟는 용기를 보여줌으로써, 경쟁사와의 차별화를 이뤘다.추가 정보는 Honor 웹사이트 www.hihonor.com를 방문하거나, 아래 계정을 팔로우 한다.    https://www.facebook.com/honorglobal/     https://twitter.com/Honorglobal     https://www.instagram.com/honorglobal/     https://www.youtube.com/honorglobal1. 산업 디자인의 색상, 제조, 마감(CMF)    2. 미드나잇 블랙, 팬텀 그레이 색상도 제공    3. Honor의 실험실 테스트 기반.사진 - https://photos.prnasia.com/prnh/20180515/2133700-1    Honor 10: Beauty in AI출처: Honor[편집자 주] 본고는 자료 제공사에서 제공한 것으로, 연합뉴스는 내용에 대해 어떠한 편집도 하지 않았음을 밝혀 드립니다.▶기사제보 및 문의▶내 생활에 흥이나는 최신 트렌드  ▶사진구매 문의"
"[PRNewswire] Honor Launches the Honor 10, its Flagship Model for 2018, a...",https://n.news.naver.com/mnews/article/001/0010088408?sid=104,"Wed, 16 May 2018 10:34:00 +0900","			￡399.99, Unrivalled Smartphone AI Photography and Exquisite Aurora Glass Design(LONDON, May 15, 2018 PRNewswire=연합뉴스) Honor launched the Honor 10, its flagship smartphone for 2018, today in London. The launch will bring to life the concept of ""Beauty in AI"", and reveal two major ground-breaking and industry leading smartphone technologies to consumers.The first is the advanced AI 2.0 technology, applied chiefly to the smartphone's dual-lens camera. Second is the Honor 10 CMF[1] design, a 3D glass back with a stunning nano-scale optical coating composed of 15 layers of shimmering color. The Honor 10 will be available at ￡399.99 for purchase at Hihonor [https://www.hihonor.com/global/index.html ] from May 15 16:00 BST in select markets including UK, France, Germany, Italy and Spain, with other markets to follow.According to George Zhao, President of Honor, before 2016, most phones came in just three colours: black, white and gold. Honor introduced Phantom Blue in 2016, Phantom Grey in 2017, and now the exquisite Aurora, a true breakthrough in smartphone design.""We believe the recipe of success is simple -  providing consumers with a really good product! That's what we work hard for everyday at honor,"" said George Zhao, President of Honor. ""But we don't just stop at making a good product. We want to co-create a new lifestyle with young people worldwide. We listen to them, bounce ideas around with them, and cheer for them. They are our inspiration.""With the innovative devices and a precise targeting strategy, Honor continues to lead the industry in its home market as the No. 1 smartphone e-brand in China, while expanding rapidly overseas. The brand has achieved 100% growth in overseas markets since its inception. In the UK, the Honor View10 was given 5-star rating by Stuff, The Guardian, T3 and Recombu. The combination of award winning products and extensive partnership in both carrier and open markets has contributed to the growth rate of 200% in the country.  In Russia, it ranks top 3 for 11 consecutive months, head-to-head with Samsung and Apple. In India, it remains the fastest growing smartphone brand which puts the brand among the top 5.Key Features of the Honor 10AI 2.0 Camera24MP + 16MP rear camera    The Honor 10 24MP+16MP dual-lens AI camera was developed and supported by the NPU processor in the Kirin 970 chipset, which means it recognizes 500+ scenarios in 22 categories in real-time. It can pinpoint the outlines of various surrounding objects, like the sky, plants, people or even a waterfall, and identify their locations instantly.This feature is supported by the industry-first Semantic Image Segmentation technology, which allows the Honor 10 to identify multiple objects in one single image. It is here where the Honor 10 really stands out from the crowd. These industry-first Honor 10 features apply scene-specific parameters to each photo in real-time when taking a picture, making every photo you take a professional shot with just one click.24MP front camera    Not only is the rear camera supported by AI 2.0 technology, the Honor 10's 24MP front camera is your intelligent selfie companion. It supports 3D face recognition, optimizes facial details and detects over a hundred facial points to pixel-level accuracy.The Honor 10 front camera also supports studio lighting effects with a range of lighting conditions. The advanced and precise facial recognition ensures an accurate bokeh, and captures subtle features of everyone's face, even in a 'groufie' shot.Avant-garde designAurora glass, radiance from every angle    The process taken to achieve the Honor 10's minimalist finish wasn't simple, it was a result of the world-class industrial techniques and sophisticated engineering processes, which required the utmost precision and delicacy.  The Honor 10 glass design is made with 15 layers of 3D glass on the back, and this design reveals a colorful radiance from every angle, in natural light and shade.Chic and stylish colors designed by The Paris Aesthetics Center    Immersed in art history and the digital world, the Honor 10 brings a stunning combination of colors to consumers - the Phantom Blue and Phantom Green.[2] These two iconic and ground-breaking colors were created at The Paris Aesthetics Center, where the creativity and enthusiasm of Honor engineers and designers came to life.Trendy characters all-in-one: Honor FullView and Ultrasonic Fingerprint Sensor Under the Glass    The Honor 10 embodies the industry-first front-placing ultrasonic fingerprint sensor under the glass, and a 5.84-inch FullView FHD+ screen with a 19:9 bezel-less display and 86% screen-to-body ratio.Upgraded and Intimate ExperienceThe Honor 10 is powered by an independently built-in NPU processor. The 4GB RAM and 64GB/128GB ROM storage gives sufficient space to stock all your exciting moments recorded in galleries, apps and files. The Honor 10 also comes with Honor Super Charge[3] 5V/4.5A with the 3,400 mAh (typical value) battery, it can recharge 50% of power within 25 minutes.The Honor 10 is based on the latest EMUI 8.1, which represents an overall upgrade in software function and capability, and particularly features the Easy Talk function, it reduces background noise in a windy environment when you're talking handsfree on the road, it also increases the volume of whispering for quiet conversations.About Honor    Honor is a leading smartphone e-brand under the Huawei Group. In line with its slogan, ""For the Brave"", the brand was created to meet the needs of digital natives through internet-optimized products that offer superior user experiences, inspire action, foster creativity and empower the young to achieve their dreams. In doing this, Honor has set itself apart by showcasing its own bravery to do things differently and to take the steps needed to usher in the latest technologies and innovations for its customers.For more information, please visit Honor online at www.hihonor.com or follow us on:     https://www.facebook.com/honorglobal/     https://twitter.com/Honorglobal     https://www.instagram.com/honorglobal/     https://www.youtube.com/honorglobal1. Color, Manufacturing, Finish (CMF) in industrial design    2. It is also available in Midnight Black and Phantom Grey.    3. Based on the testing of Honor's laboratory.Photo - https://photos.prnasia.com/prnh/20180515/2133700-1    Honor 10: Beauty in AISource: Honor[편집자 주] 본고는 자료 제공사에서 제공한 것으로, 연합뉴스는 내용에 대해 어떠한 편집도 하지 않았음을 밝혀 드립니다.▶기사제보 및 문의▶내 생활에 흥이나는 최신 트렌드  ▶사진구매 문의"
